CITY,STATE,NAME,COUNTY
ABBEVILLE,LA,1,VERMILION
ABBEVILLE,SC,1,ABBEVILLE
ABERDEEN,MS,1,MONROE
ABERDEEN,SD,3,BROWN
ABERDEEN,WA,2,GRAYS HARBOR
ABILENE,KS,1,DICKINSON
ABILENE,TX,6,TAYLOR
ABINGDON,VA,2,WASHINGTON
ABINGTON,PA,1,MONTGOMERY
ACKERMAN,MS,2,CHOCTAW
ACOMA PUEBLO,NM,1,CIBOLA
ADA,MN,1,NORMAN
ADA,OK,3,PONTOTOC
ADAK,AK,1,ALEUTIANS WEST
ADDISON,TX,1,DALLAS
ADEL,GA,1,COOK
ADRIAN,MI,1,LENAWEE
AFTON,WY,1,LINCOLN
AGUADILLA,PR,1,AGUADILLA
AHOSKIE,NC,1,HERTFORD
AIBONITO,PR,1,AIBONITO
AIEA,HI,1,HONOLULU
AIKEN,SC,1,AIKEN
AINSWORTH,NE,1,BROWN
AITKIN,MN,1,AITKIN
AKRON,OH,7,SUMMIT
ALABASTER,AL,2,SHELBY
ALAMEDA,CA,4,ALAMEDA
ALAMOGORDO,NM,1,OTERO
ALAMOSA,CO,1,ALAMOSA
ALBANY,GA,2,DOUGHERTY
ALBANY,KY,1,CLINTON
ALBANY,MN,1,STEARNS
ALBANY,MO,1,GENTRY
ALBANY,NY,6,ALBANY
ALBANY,OR,1,LINN
ALBEMARLE,NC,1,STANLY
ALBERT LEA,MN,1,FREEBORN
ALBIA,IA,1,MONROE
ALBION,NE,1,BOONE
ALBUQUERQUE,NM,17,BERNALILLO
ALDIE,VA,1,LOUDOUN
ALEDO,IL,1,MERCER
ALEXANDER CITY,AL,1,TALLAPOOSA
ALEXANDRIA,LA,9,RAPIDES
ALEXANDRIA,MN,1,DOUGLAS
ALEXANDRIA,VA,2,['ALEXANDRIA' 'FAIRFAX']
ALEXANDRIA BAY,NY,1,JEFFERSON
ALGONA,IA,1,KOSSUTH
ALHAMBRA,CA,1,LOS ANGELES
ALICE,TX,1,JIM WELLS
ALISO VIEJO,CA,1,ORANGE
ALLEGAN,MI,1,ALLEGAN
ALLEN,TX,2,COLLIN
ALLENTOWN,PA,6,LEHIGH
ALLIANCE,NE,1,BOX BUTTE
ALLIANCE,OH,1,STARK
ALMA,GA,1,BACON
ALMA,MI,1,GRATIOT
ALMA,NE,1,HARLAN
ALPENA,MI,1,ALPENA
ALPINE,TX,1,BREWSTER
ALTAMONTE SPRINGS,FL,2,SEMINOLE
ALTON,IL,3,MADISON
ALTOONA,PA,3,BLAIR
ALTOONA,WI,1,EAU CLAIRE
ALTURAS,CA,1,MODOC
ALTUS,OK,1,JACKSON
ALVA,OK,1,WOODS
AMARILLO,TX,10,['POTTER' 'RANDALL']
AMBLER,PA,1,MONTGOMERY
AMERICAN FALLS,ID,1,POWER
AMERICAN FORK,UT,1,UTAH
AMERICUS,GA,2,SUMTER
AMERY,WI,2,POLK
AMES,IA,1,STORY
AMESBURY,MA,1,ESSEX
AMHERST,OH,1,LORAIN
AMITE,LA,1,TANGIPAHOA
AMITYVILLE,NY,2,SUFFOLK
AMORY,MS,1,MONROE
AMSTERDAM,NY,2,MONTGOMERY
ANACONDA,MT,1,DEER LODGE
ANACORTES,WA,1,SKAGIT
ANADARKO,OK,1,CADDO
ANAHEIM,CA,6,ORANGE
ANAHUAC,TX,1,CHAMBERS
ANAMOSA,IA,2,JONES
ANCHORAGE,AK,9,ANCHORAGE
ANCORA,NJ,1,CAMDEN
ANDALUSIA,AL,1,COVINGTON
ANDERSON,IN,3,MADISON
ANDERSON,SC,4,ANDERSON
ANDOVER,KS,1,BUTLER
ANDREWS,TX,1,ANDREWS
ANGLETON,TX,1,BRAZORIA
ANGOLA,IN,1,STEUBEN
ANN ARBOR,MI,3,WASHTENAW
ANNA,IL,1,UNION
ANNAPOLIS,MD,1,ANNE ARUNDEL
ANNISTON,AL,3,CALHOUN
ANSON,TX,1,JONES
ANTHONY,KS,1,HARPER
ANTIGO,WI,1,LANGLADE
ANTIOCH,CA,2,CONTRA COSTA
ANTLERS,OK,1,PUSHMATAHA
APACHE JUNCTION,AZ,1,PINAL
APALACHICOLA,FL,1,FRANKLIN
APOPKA,FL,1,ORANGE
APPLE VALLEY,CA,1,SAN BERNARDINO
APPLETON,MN,1,SWIFT
APPLETON,WI,2,OUTAGAMIE
APPLETON CITY,MO,1,ST. CLAIR
ARANSAS PASS,TX,1,SAN PATRICIO
ARCADIA,CA,1,LOS ANGELES
ARCADIA,FL,1,DESOTO
ARCADIA,LA,1,BIENVILLE
ARCATA,CA,1,HUMBOLDT
ARCO,ID,1,BUTTE
ARDMORE,OK,1,CARTER
ARECIBO PUEBLO,PR,2,ARECIBO
ARENAS,PR,1,UTUADO
ARKADELPHIA,AR,1,CLARK
ARKANSAS CITY,KS,1,COWLEY
ARLINGTON,GA,1,CALHOUN
ARLINGTON,MN,1,SIBLEY
ARLINGTON,TX,11,TARRANT
ARLINGTON,VA,1,ARLINGTON
ARLINGTON,WA,1,SNOHOMISH
ARLINGTON HEIGHTS,IL,1,COOK
ARMOUR,SD,1,DOUGLAS
ARROYO,PR,1,ARROYO
ARROYO GRANDE,CA,1,SAN LUIS OBISPO
ARTESIA,NM,1,EDDY
ASHDOWN,AR,1,LITTLE RIVER
ASHEBORO,NC,1,RANDOLPH
ASHEVILLE,NC,4,BUNCOMBE
ASHLAND,AL,1,CLAY
ASHLAND,KS,1,CLARK
ASHLAND,KY,2,['GREENUP' 'BOYD']
ASHLAND,OH,1,ASHLAND
ASHLAND,OR,1,JACKSON
ASHLAND,WI,1,ASHLAND
ASHLAND CITY,TN,1,CHEATHAM
ASHLEY,ND,1,MCINTOSH
ASHTABULA,OH,1,ASHTABULA
ASPEN,CO,1,PITKIN
ASPERMONT,TX,1,STONEWALL
ASTORIA,OR,1,CLATSOP
ATASCADERO,CA,1,SAN LUIS OBISPO
ATCHISON,KS,1,ATCHISON
ATHENS,AL,2,LIMESTONE
ATHENS,GA,3,CLARKE
ATHENS,OH,2,ATHENS
ATHENS,TN,1,MCMINN
ATHENS,TX,1,HENDERSON
ATHOL,MA,1,WORCESTER
ATKINSON,NE,1,HOLT
ATLANTA,GA,21,['FULTON' 'DEKALB']
ATLANTA,TX,1,CASS
ATLANTIC,IA,1,CASS
ATLANTIC CITY,NJ,4,ATLANTIC
ATLANTIS,FL,1,PALM BEACH
ATMORE,AL,1,ESCAMBIA
ATOKA,OK,1,ATOKA
ATTLEBORO,MA,2,BRISTOL
ATWOOD,KS,1,RAWLINS
AUBREY,TX,1,DENTON
AUBURN,CA,1,PLACER
AUBURN,IN,2,DEKALB
AUBURN,NE,1,NEMAHA
AUBURN,NY,1,CAYUGA
AUBURN,WA,1,KING
AUDUBON,IA,1,AUDUBON
AUGUSTA,GA,9,RICHMOND
AUGUSTA,ME,5,KENNEBEC
AURORA,CO,5,['ARAPAHOE' 'ADAMS']
AURORA,IL,2,KANE
AURORA,MN,1,ST. LOUIS
AURORA,MO,1,LAWRENCE
AURORA,NE,1,HAMILTON
AUSTELL,GA,1,COBB
AUSTIN,MN,1,MOWER
AUSTIN,TX,28,['TRAVIS' 'WILLIAMSON']
AVALON,CA,1,LOS ANGELES
AVENEL,NJ,1,MIDDLESEX
AVENTURA,FL,1,MIAMI-DADE
AVON,IN,1,HENDRICKS
AVON,OH,3,LORAIN
AVONDALE,AZ,1,MARICOPA
AYER,MA,1,MIDDLESEX
AZLE,TX,1,TARRANT
BAD AXE,MI,1,HURON
BAGLEY,MN,1,CLEARWATER
BAINBRIDGE,GA,1,DECATUR
BAKER,MT,1,FALLON
BAKER CITY,OR,1,BAKER
BAKERSFIELD,CA,10,KERN
BALDIWN,WI,1,SAINT CROIX
BALDWIN,WI,1,ST. CROIX
BALDWIN PARK,CA,2,LOS ANGELES
BALLINGER,TX,1,RUNNELS
BALTIMORE,MD,21,['BALTIMORE CITY' 'BALTIMORE']
BANGOR,ME,4,PENOBSCOT
BANNING,CA,1,RIVERSIDE
BAR HARBOR,ME,1,HANCOCK
BARABOO,WI,1,SAUK
BARBERTON,OH,2,SUMMIT
BARBOURVILLE,KY,1,KNOX
BARDSTOWN,KY,1,NELSON
BARLING,AR,1,SEBASTIAN
BARNESVILLE,OH,1,BELMONT
BARNSTABLE,MA,1,BARNSTABLE
BARNWELL,SC,1,BARNWELL
BARRINGTON,IL,1,LAKE
BARRON,WI,1,BARRON
BARROW,AK,1,NORTH SLOPE
BARSTOW,CA,2,SAN BERNARDINO
BARTLESVILLE,OK,1,WASHINGTON
BARTLETT,TN,1,SHELBY
BARTOW,FL,1,POLK
BASIN,WY,1,BIG HORN
BASSETT,NE,1,ROCK
BASTROP,LA,3,MOREHOUSE
BATAVIA,NY,3,GENESEE
BATAVIA,OH,1,CLERMONT
BATESVILLE,AR,1,INDEPENDENCE
BATESVILLE,IN,1,RIPLEY
BATESVILLE,MS,1,PANOLA
BATH,NY,2,STEUBEN
BATON ROUGE,LA,20,EAST BATON ROUGE
BATTE MTN,NV,1,LANDER
BATTLE CREEK,MI,4,CALHOUN
BAUDETTE,MN,1,LAKE OF THE WOODS
BAXLEY,GA,1,APPLING
BAY CITY,MI,3,BAY
BAY CITY,TX,1,MATAGORDA
BAY MINETTE,AL,1,BALDWIN
BAY PINES,FL,1,PINELLAS
BAY SHORE,NY,1,SUFFOLK
BAY SPRINGS,MS,1,JASPER
BAY ST. LOUIS,MS,1,HANCOCK
BAYAMON,PR,6,BAYAMON
BAYONNE,NJ,1,HUDSON
BAYTOWN,TX,4,HARRIS
BEACHWOOD,OH,2,CUYAHOGA
BEALE AFB,CA,1,YUBA
BEATRICE,NE,2,GAGE
BEAUFORT,SC,2,BEAUFORT
BEAUMONT,TX,9,JEFFERSON
BEAVER,OK,1,BEAVER
BEAVER,PA,2,BEAVER
BEAVER,UT,1,BEAVER
BEAVER DAM,WI,1,DODGE
BEAVERCREEK,OH,1,GREENE
BECKLEY,WV,3,RALEIGH
BEDFORD,IN,2,LAWRENCE
BEDFORD,MA,1,MIDDLESEX
BEDFORD,OH,1,CUYAHOGA
BEDFORD,TX,3,TARRANT
BEDFORD,VA,1,BEDFORD CITY
BEEVILLE,TX,1,BEE
BEL AIR,MD,1,HARFORD
BELCOURT,ND,1,ROLETTE
BELFAST,ME,1,WALDO
BELHAVEN,NC,1,BEAUFORT
BELLAIRE,OH,2,BELMONT
BELLAIRE,TX,2,HARRIS
BELLE GLADE,FL,1,PALM BEACH
BELLE MEAD,NJ,2,SOMERSET
BELLEFONTAINE,OH,1,LOGAN
BELLEROSE,NY,1,QUEENS
BELLEVILLE,IL,2,ST. CLAIR
BELLEVILLE,KS,1,REPUBLIC
BELLEVILLE,NJ,1,ESSEX
BELLEVUE,NE,2,SARPY
BELLEVUE,OH,1,SANDUSKY
BELLEVUE,WA,1,KING
BELLFLOWER,CA,2,LOS ANGELES
BELLINGHAM,WA,2,WHATCOM
BELLVILLE,TX,1,AUSTIN
BELMOND,IA,1,WRIGHT
BELMONT,MA,1,MIDDLESEX
BELMONT,NC,1,GASTON
BELOIT,KS,1,MITCHELL
BELOIT,WI,1,ROCK
BELTON,MO,1,CASS
BELTON,TX,1,BELL
BELVIDERE,IL,1,BOONE
BELZONI,MS,1,HUMPHREYS
BEMIDJI,MN,1,BELTRAMI
BEND,OR,1,DESCHUTES
BENKELMAN,NE,1,DUNDY
BENNETTSVILLE,SC,1,MARLBORO
BENNINGTON,VT,1,BENNINGTON
BENSALEM,PA,1,BUCKS
BENSON,AZ,1,COCHISE
BENSON,MN,1,SWIFT
BENTON,AR,2,SALINE
BENTON,IL,1,FRANKLIN
BENTON,KY,1,MARSHALL
BENTONVILLE,AR,1,BENTON
BEREA,KY,1,MADISON
BERKELEY,CA,2,ALAMEDA
BERKELEY HEIGHTS,NJ,1,UNION
BERKELEY SPRINGS,WV,1,MORGAN
BERLIN,MD,1,WORCESTER
BERLIN,NH,1,COOS
BERLIN,NJ,1,CAMDEN
BERLIN,VT,2,WASHINGTON
BERLIN,WI,1,GREEN LAKE
BERMUDA RUN,NC,1,DAVIE
BERNICE,LA,1,UNION
BERRIEN CENTER,MI,1,BERRIEN
BERRYVILLE,AR,1,CARROLL
BERWICK,PA,1,COLUMBIA
BERWYN,IL,1,COOK
BESSEMER,AL,1,JEFFERSON
BETHANY,MO,1,HARRISON
BETHANY,OK,1,OKLAHOMA
BETHEL,AK,1,BETHEL
BETHESDA,MD,1,MONTGOMERY
BETHLEHEM,PA,4,['LEHIGH' 'NORTHAMPTON']
BETHPAGE,NY,2,NASSAU
BETTENDORF,IA,1,SCOTT
BEVERLY,MA,2,ESSEX
BIDDEFORD,ME,1,YORK
BIG BEAR LAKE,CA,1,SAN BERNARDINO
BIG LAKE,TX,2,REAGAN
BIG RAPIDS,MI,1,MECOSTA
BIG SANDY,MT,1,CHOUTEAU
BIG SKY,MT,1,GALLATIN
BIG SPRING,TX,3,HOWARD
BIG STONE GAP,VA,1,WISE
BIG TIMBER,MT,1,SWEET GRASS
BIGFORK,MN,1,ITASCA
BILLINGS,MT,3,YELLOWSTONE
BILOXI,MS,2,HARRISON
BINGHAMTON,NY,3,BROOME
BIRMINGHAM,AL,14,['JEFFERSON' 'SHELBY']
BISBEE,AZ,1,COCHISE
BISHOP,CA,1,INYO
BISHOPVILLE,SC,1,LEE
BISMARCK,ND,2,BURLEIGH
BLACK RIVER FALLS,WI,1,JACKSON
BLACKFOOT,ID,3,BINGHAM
BLACKSBURG,VA,1,MONTGOMERY
BLACKWELL,OK,1,KAY
BLACKWOOD,NJ,2,CAMDEN
BLAIR,NE,1,WASHINGTON
BLAIRSTOWN,NJ,1,WARREN
BLAIRSVILLE,GA,1,UNION
BLAKELY,GA,1,EARLY
BLANDING,UT,1,SAN JUAN
BLOOMER,WI,1,CHIPPEWA
BLOOMFIELD,IA,1,DAVIS
BLOOMINGTON,IL,1,MCLEAN
BLOOMINGTON,IN,3,MONROE
BLOOMSBURG,PA,1,COLUMBIA
BLOUNTSTOWN,FL,1,CALHOUN
BLOWING ROCK,NC,1,WATAUGA
BLUE EARTH,MN,1,FARIBAULT
BLUE HILL,ME,1,HANCOCK
BLUE ISLAND,IL,1,COOK
BLUE RIDGE,GA,1,FANNIN
BLUE SPRINGS,MO,1,JACKSON
BLUEFIELD,WV,1,MERCER
BLUFFTON,IN,1,WELLS
BLUFFTON,OH,1,ALLEN
BLYTHE,CA,1,RIVERSIDE
BLYTHEVILLE,AR,1,MISSISSIPPI
BOARDMAN,OH,5,MAHONING
BOAZ,AL,1,MARSHALL
BOCA RATON,FL,2,PALM BEACH
BOGALUSA,LA,3,WASHINGTON
BOISE,ID,8,ADA
BOISE CITY,OK,1,CIMARRON
BOLINGBROOK,IL,1,WILL
BOLIVAR,MO,1,POLK
BOLIVAR,TN,1,HARDEMAN
BOLIVIA,NC,2,BRUNSWICK
BONHAM,TX,2,FANNIN
BONIFAY,FL,1,HOLMES
BONNE TERRE,MO,1,ST. FRANCOIS
BONNERS FERRY,ID,1,BOUNDARY
BOONE,IA,1,BOONE
BOONE,NC,1,WATAUGA
BOONEVILLE,AR,1,LOGAN
BOONEVILLE,MS,1,PRENTISS
BOONTON TOWNSHIP,NJ,1,MORRIS
BOONVILLE,IN,1,WARRICK
BOONVILLE,MO,2,['COOPER' 'CRAWFORD']
BOOTHBAY HARBOR,ME,1,LINCOLN
BORGER,TX,2,HUTCHINSON
BOSCOBEL,WI,1,GRANT
BOSSIER CITY,LA,5,BOSSIER
BOSTON,MA,22,SUFFOLK
BOTTINEAU,ND,1,BOTTINEAU
BOULDER,CO,2,BOULDER
BOULDER CITY,NV,1,CLARK
BOUNTIFUL,UT,2,DAVIS
BOURNE,MA,1,BARNSTABLE
BOWDLE,SD,1,EDMUNDS
BOWDON,GA,1,CARROLL
BOWIE,TX,1,MONTAGUE
BOWLING GREEN,KY,4,WARREN
BOWLING GREEN,OH,1,WOOD
BOWMAN,ND,1,BOWMAN
BOYNTON BEACH,FL,2,PALM BEACH
BOYS TOWN,NE,1,DOUGLAS
BOZEMAN,MT,1,GALLATIN
BRADENTON,FL,5,MANATEE
BRADFORD,PA,1,MCKEAN
BRADY,TX,1,MCCULLOCH
BRAINERD,MN,1,CROW WING
BRAINTREE,MA,1,NORFOLK
BRANDON,FL,1,HILLSBOROUGH
BRANDON,MS,1,RANKIN
BRANSON,MO,1,TANEY
BRATTLEBORO,VT,2,WINDHAM
BRAWLEY,CA,1,IMPERIAL
BRAZIL,IN,1,CLAY
BREA,CA,1,ORANGE
BREAUX BRIDGE,LA,2,ST. MARTIN
BRECKENRIDGE,MN,1,WILKIN
BRECKENRIDGE,TX,1,STEPHENS
BREESE,IL,1,CLINTON
BREMEN,GA,1,HARALSON
BREMEN,IN,2,MARSHALL
BREMERTON,WA,2,KITSAP
BRENHAM,TX,1,WASHINGTON
BREVARD,NC,1,TRANSYLVANIA
BREWSTER,WA,1,OKANOGAN
BREWTON,AL,1,ESCAMBIA
BRICK,NJ,2,OCEAN
BRIDGEPORT,CT,2,FAIRFIELD
BRIDGEPORT,NE,1,MORRILL
BRIDGEPORT,TX,1,WISE
BRIDGEPORT,WV,1,HARRISON
BRIDGETON,MO,2,ST. LOUIS
BRIDGETON,NJ,1,CUMBERLAND
BRIDGTON,ME,1,CUMBERLAND
BRIGHAM CITY,UT,1,BOX ELDER
BRIGHTON,CO,1,ADAMS
BRIGHTON,MI,1,LIVINGSTON
BRISTOL,CT,1,HARTFORD
BRISTOL,PA,1,BUCKS
BRISTOL,TN,2,SULLIVAN
BRISTOL,VA,2,BRISTOL
BRISTOW,OK,1,CREEK
BRITT,IA,1,HANCOCK
BRITTON,SD,1,MARSHALL
BROCKPORT,NY,1,MONROE
BROCKTON,MA,3,PLYMOUTH
BROKEN ARROW,OK,2,TULSA
BROKEN BOW,NE,1,CUSTER
BRONX,NY,15,BRONX
BRONXVILLE,NY,1,WESTCHESTER
BROOKFIELD,MO,1,LINN
BROOKFIELD,WI,1,WAUKESHA
BROOKHAVEN,MS,1,LINCOLN
BROOKINGS,OR,1,CURRY
BROOKINGS,SD,1,BROOKINGS
BROOKLINE,MA,2,NORFOLK
BROOKLYN,NY,18,KINGS
BROOKSVILLE,FL,4,HERNANDO
BROOKVILLE,PA,1,JEFFERSON
BROUSSARD,LA,1,LAFAYETTE
BROWN DEER,WI,1,MILWAUKEE
BROWNFIELD,TX,1,TERRY
BROWNING,MT,1,GLACIER
BROWNS MILLS,NJ,1,BURLINGTON
BROWNSVILLE,TN,1,HAYWOOD
BROWNSVILLE,TX,5,CAMERON
BROWNWOOD,TX,1,BROWN
BRUNSWICK,GA,1,GLYNN
BRUNSWICK,ME,2,CUMBERLAND
BRUSH,CO,1,MORGAN
BRYAN,OH,1,WILLIAMS
BRYAN,TX,3,BRAZOS
BRYN MAWR,PA,1,MONTGOMERY
BRYSON CITY,NC,1,SWAIN
BUCKEYE,WV,1,POCAHONTAS
BUCKHANNON,WV,1,UPSHUR
BUCYRUS,OH,1,CRAWFORD
BUENA PARK,CA,1,ORANGE
BUFFALO,MN,1,WRIGHT
BUFFALO,NY,11,ERIE
BUFFALO,OK,1,HARPER
BUFFALO,WY,1,JOHNSON
BULLHEAD CITY,AZ,1,MOHAVE
BUNKIE,LA,2,AVOYELLES
BURBANK,CA,1,LOS ANGELES
BURGAW,NC,1,PENDER
BURIEN,WA,2,KING
BURKE,SD,1,GREGORY
BURKESVILLE,KY,1,CUMBERLAND
BURKEVILLE,VA,1,NOTTOWAY
BURLESON,TX,1,TARRANT
BURLEY,ID,1,CASSIA
BURLINGAME,CA,2,SAN MATEO
BURLINGTON,CO,1,KIT CARSON
BURLINGTON,KS,1,COFFEY
BURLINGTON,MA,1,MIDDLESEX
BURLINGTON,NC,1,ALAMANCE
BURLINGTON,VT,1,CHITTENDEN
BURLINGTON,WI,1,RACINE
BURNET,TX,1,BURNET
BURNS,OR,1,HARNEY
BURNSVILLE,MN,1,DAKOTA
BURRILLVILLE,RI,1,PROVIDENCE
BUTLER,AL,1,CHOCTAW
BUTLER,MO,1,BATES
BUTLER,PA,2,BUTLER
BUTTE,MT,2,SILVER BOW
BYRON,GA,1,PEACH
CABO ROJO PUEBLO,PR,1,CABO ROJO
CADILLAC,MI,1,WEXFORD
CADIZ,KY,1,TRIGG
CADIZ,OH,1,HARRISON
CAGUAS,PR,2,CAGUAS
CAIRO,GA,1,GRADY
CALAIS,ME,1,WASHINGTON
CALDWELL,ID,1,CANYON
CALDWELL,KS,1,SUMNER
CALDWELL,TX,1,BURLESON
CALHOUN,GA,1,GORDON
CALHOUN CITY,MS,1,CALHOUN
CALICO ROCK,AR,1,IZARD
CALIENTE,NV,1,LINCOLN
CALLAWAY,NE,1,CUSTER
CALLICOON,NY,1,SULLIVAN
CAMARILLO,CA,1,VENTURA
CAMBRIDGE,MA,3,MIDDLESEX
CAMBRIDGE,MD,3,DORCHESTER
CAMBRIDGE,MN,1,ISANTI
CAMBRIDGE,NE,1,FURNAS
CAMBRIDGE,OH,2,GUERNSEY
CAMDEN,AL,1,WILCOX
CAMDEN,AR,1,OUACHITA
CAMDEN,NJ,4,CAMDEN
CAMDEN,SC,1,KERSHAW
CAMDEN,TN,1,BENTON
CAMERON,LA,1,CAMERON
CAMERON,MO,1,CLINTON
CAMERON,TX,1,MILAM
CAMILLA,GA,1,MITCHELL
CAMP HILL,PA,2,CUMBERLAND
CAMP LEJEUNE,NC,1,ONSLOW
CAMPBELL,CA,1,SANTA CLARA
CAMPBELLSVILLE,KY,1,TAYLOR
CANADIAN,TX,1,HEMPHILL
CANAL WINCHESTER,OH,1,FAIRFIELD
CANANDAIGUA,NY,2,ONTARIO
CANBY,MN,1,YELLOW MEDICINE
CANDO,ND,1,TOWNER
CANNON FALLS,MN,2,GOODHUE
CANON CITY,CO,1,FREMONT
CANONSBURG,PA,1,WASHINGTON
CANTON,GA,1,CHEROKEE
CANTON,IL,1,FULTON
CANTON,MA,1,NORFOLK
CANTON,MS,2,MADISON
CANTON,OH,4,STARK
CANTON,SD,2,LINCOLN
CAPE CORAL,FL,1,LEE
CAPE GIRARDEAU,MO,3,CAPE GIRARDEAU
CAPE MAY COURT HOUSE,NJ,1,CAPE MAY
CARBONDALE,IL,1,JACKSON
CARIBOU,ME,1,AROOSTOOK
CARLINVILLE,IL,1,MACOUPIN
CARLISLE,KY,1,NICHOLAS
CARLISLE,PA,1,CUMBERLAND
CARLSBAD,NM,1,EDDY
CARMEL,IN,3,HAMILTON
CARMEL,NY,1,PUTNAM
CARMICHAEL,CA,2,SACRAMENTO
CARNEGIE,OK,1,CADDO
CARO,MI,1,TUSCOLA
CAROLINA,PR,1,CAROLINA
CARRINGTON,ND,1,FOSTER
CARRIZO SPRINGS,TX,1,DIMMIT
CARROLL,IA,1,CARROLL
CARROLLTON,AL,1,PICKENS
CARROLLTON,GA,1,CARROLL
CARROLLTON,IL,1,GREENE
CARROLLTON,KY,1,CARROLL
CARROLLTON,MO,1,CARROLL
CARROLLTON,TX,4,['DALLAS' 'DENTON']
CARSON CITY,MI,1,MONTCALM
CARSON CITY,NV,3,CARSON CITY
CARTERSVILLE,GA,1,BARTOW
CARTHAGE,IL,1,HANCOCK
CARTHAGE,MO,1,JASPER
CARTHAGE,MS,1,LEAKE
CARTHAGE,NY,1,JEFFERSON
CARTHAGE,TN,1,SMITH
CARTHAGE,TX,1,PANOLA
CARY,NC,1,WAKE
CASA GRANDE,AZ,1,PINAL
CASCADE,ID,1,VALLEY
CASPER,WY,6,NATRONA
CASS CITY,MI,1,TUSCOLA
CASS LAKE,MN,1,CASS
CASSVILLE,MO,1,BARRY
CASTAÑER,PR,1,LARES
CASTLE POINT,NY,1,DUTCHESS
CASTLE ROCK,CO,1,DOUGLAS
CASTRO VALLEY,CA,1,ALAMEDA
CATAWBA,VA,1,ROANOKE
CATONSVILLE,MD,1,BALTIMORE
CAVALIER,ND,1,PEMBINA
CAYEY,PR,1,CAYEY
CEDAR CITY,UT,1,IRON
CEDAR FALLS,IA,1,BLACK HAWK
CEDAR GROVE,NJ,2,ESSEX
CEDAR PARK,TX,2,WILLIAMSON
CEDAR RAPIDS,IA,3,LINN
CEDARTOWN,GA,2,POLK
CEDARVILLE,CA,1,MODOC
CELEBRATION,FL,1,OSCEOLA
CELINA,TN,1,CLAY
CENTENNIAL,CO,1,ARAPAHOE
CENTER,TX,1,SHELBY
CENTERVILLE,IA,1,APPANOOSE
CENTERVILLE,OH,1,MONTGOMERY
CENTERVILLE,TN,1,HICKMAN
CENTRAL CITY,NE,1,MERRICK
CENTRALIA,IL,1,MARION
CENTRALIA,WA,1,LEWIS
CENTRE,AL,1,CHEROKEE
CENTRE HALL,PA,1,CENTRE
CENTREVILLE,AL,1,BIBB
CENTREVILLE,IL,1,ST. CLAIR
CENTREVILLE,MS,2,WILKINSON
CENTURY,FL,1,ESCAMBIA
CERES,CA,1,STANISLAUS
CERRITOS,CA,1,LOS ANGELES
CHADRON,NE,1,DAWES
CHALMETTE,LA,1,ST. BERNARD
CHAMBERLAIN,SD,1,BRULE
CHAMBERSBURG,PA,1,FRANKLIN
CHAMPAIGN,IL,1,CHAMPAIGN
CHANDLER,AZ,3,MARICOPA
CHANNELVIEW,TX,1,HARRIS
CHANUTE,KS,1,NEOSHO
CHAPEL HILL,NC,1,ORANGE
CHARDON,OH,2,GEAUGA
CHARITON,IA,1,LUCAS
CHARLES CITY,IA,1,FLOYD
CHARLESTON,MS,1,TALLAHATCHIE
CHARLESTON,SC,5,CHARLESTON
CHARLESTON,WV,7,KANAWHA
CHARLESTOWN,IN,1,CLARK
CHARLEVOIX,MI,1,CHARLEVOIX
CHARLOTTE,MI,1,EATON
CHARLOTTE,NC,11,MECKLENBURG
CHARLOTTESVILLE,VA,5,['ALBEMARLE' 'CHARLOTTESVILLE']
CHATOM,AL,1,WASHINGTON
CHATSWORTH,GA,1,MURRAY
CHATTAHOOCHEE,FL,1,GADSDEN
CHATTANOOGA,TN,12,HAMILTON
CHEEKTOWAGA,NY,1,ERIE
CHELAN,WA,1,CHELAN
CHELSEA,MI,1,WASHTENAW
CHERAW,SC,1,CHESTERFIELD
CHEROKEE,IA,2,CHEROKEE
CHEROKEE,NC,1,SWAIN
CHERRY HILL,NJ,1,CAMDEN
CHERRY POINT,NC,1,CRAVEN
CHESAPEAKE,VA,1,CHESAPEAKE
CHESTER,CA,1,PLUMAS
CHESTER,IL,1,RANDOLPH
CHESTER,MT,1,LIBERTY
CHESTER,NJ,1,MORRIS
CHESTER,SC,1,CHESTER
CHESTERFIELD,MO,4,ST. LOUIS
CHESTERTOWN,MD,1,KENT
CHEVERLY,MD,1,PRINCE GEORGE'S
CHEWELAH,WA,1,STEVENS
CHEYENNE,OK,1,ROGER MILLS
CHEYENNE,WY,2,LARAMIE
CHEYENNE WELLS,CO,1,CHEYENNE
CHICAGO,IL,41,COOK
CHICAGO HEIGHTS,IL,1,COOK
CHICKASHA,OK,1,GRADY
CHICO,CA,4,BUTTE
CHILDRESS,TX,1,CHILDRESS
CHILLICOTHE,MO,2,LIVINGSTON
CHILLICOTHE,OH,2,ROSS
CHILLICOTHE,TX,1,HARDEMAN
CHILTON,WI,1,CALUMET
CHINLE,AZ,1,APACHE
CHINO,CA,2,SAN BERNARDINO
CHIPLEY,FL,1,WASHINGTON
CHIPPEWA FALLS,WI,1,CHIPPEWA
CHOCTAW,MS,1,NESHOBA
CHOTEAU,MT,1,TETON
CHRISTIANSBURG,VA,1,MONTGOMERY
CHULA VISTA,CA,3,SAN DIEGO
CHURCH POINT,LA,1,ACADIA
CIDRA,PR,1,CIDRA
CINCINNATI,OH,24,HAMILTON
CINICINNATI,OH,1,HAMILTON
CIRCLE,MT,1,MCCONE
CIRCLEVILLE,OH,1,PICKAWAY
CLACKAMAS,OR,1,CLACKAMAS
CLANTON,AL,1,CHILTON
CLARE,MI,1,CLARE
CLAREMONT,NH,1,SULLIVAN
CLAREMORE,OK,2,ROGERS
CLARINDA,IA,3,PAGE
CLARION,IA,1,WRIGHT
CLARION,PA,2,CLARION
CLARKS SUMMIT,PA,1,LACKAWANNA
CLARKSBURG,WV,2,HARRISON
CLARKSDALE,MS,1,COAHOMA
CLARKSTON,WA,1,ASOTIN
CLARKSVILLE,AR,1,JOHNSON
CLARKSVILLE,IN,1,CLARK
CLARKSVILLE,TN,1,MONTGOMERY
CLARKSVILLE,TX,1,RED RIVER
CLAXTON,GA,1,EVANS
CLAY CENTER,KS,1,CLAY
CLAYTON,GA,1,RABUN
CLAYTON,NM,1,UNION
CLEAR LAKE,SD,1,DEUEL
CLEARFIELD,PA,1,CLEARFIELD
CLEARLAKE,CA,1,LAKE
CLEARWATER,FL,2,PINELLAS
CLEBURNE,TX,1,JOHNSON
CLERMONT,FL,1,LAKE
CLEVELAND,MS,1,BOLIVAR
CLEVELAND,OH,13,CUYAHOGA
CLEVELAND,OK,1,PAWNEE
CLEVELAND,TN,2,BRADLEY
CLEVELAND,TX,2,LIBERTY
CLEWISTON,FL,1,HENDRY
CLIFTON,TX,1,BOSQUE
CLIFTON SPRINGS,NY,1,ONTARIO
CLINTON,AR,1,VAN BUREN
CLINTON,IA,2,CLINTON
CLINTON,IL,1,DE WITT
CLINTON,IN,1,VERMILLION
CLINTON,LA,1,EAST FELICIANA
CLINTON,MA,1,WORCESTER
CLINTON,MD,1,PRINCE GEORGE'S
CLINTON,MO,1,HENRY
CLINTON,NC,1,SAMPSON
CLINTON,OK,1,CUSTER
CLINTON,SC,1,LAURENS
CLINTON TOWNSHIP,MI,1,MACOMB
CLINTWOOD,VA,1,DICKENSON
CLOQUET,MN,1,CARLTON
CLOVIS,CA,1,FRESNO
CLOVIS,NM,1,CURRY
CLYDE,NC,1,HAYWOOD
COAL TOWNSHIP,PA,1,NORTHUMBERLAND
COALDALE,PA,1,SCHUYLKILL
COALGATE,OK,1,COAL
COALINGA,CA,2,FRESNO
COATESVILLE,PA,2,CHESTER
COBLESKILL,NY,1,SCHOHARIE
COCHRAN,GA,1,BLECKLEY
COCOA BEACH,FL,1,BREVARD
COCONUT CREEK,FL,1,BROWARD
CODY,WY,1,PARK
COEUR D'ALENE,ID,1,KOOTENAI
COFFEYVILLE,KS,1,MONTGOMERY
COLBY,KS,1,THOMAS
COLDWATER,KS,1,COMANCHE
COLDWATER,MI,1,BRANCH
COLDWATER,OH,1,MERCER
COLEBROOK,NH,1,COOS
COLEMAN,TX,1,COLEMAN
COLFAX,WA,1,WHITMAN
COLLEGE PARK,GA,1,CLAYTON
COLLEGE STATION,TX,3,BRAZOS
COLLEYVILLE,TX,1,TARRANT
COLLIERVILLE,TN,1,SHELBY
COLLINS,MS,1,COVINGTON
COLORADO CITY,TX,1,MITCHELL
COLORADO SPRINGS,CO,11,EL PASO
COLQUITT,GA,1,MILLER
COLTON,CA,1,SAN BERNARDINO
COLUMBIA,KY,1,ADAIR
COLUMBIA,LA,2,CALDWELL
COLUMBIA,MD,1,HOWARD
COLUMBIA,MO,6,BOONE
COLUMBIA,MS,1,MARION
COLUMBIA,SC,15,RICHLAND
COLUMBIA,TN,1,MAURY
COLUMBIA CITY,IN,1,WHITLEY
COLUMBUS,GA,7,MUSCOGEE
COLUMBUS,IN,1,BARTHOLOMEW
COLUMBUS,KS,1,CHEROKEE
COLUMBUS,MS,1,LOWNDES
COLUMBUS,MT,1,STILLWATER
COLUMBUS,NC,1,POLK
COLUMBUS,NE,1,PLATTE
COLUMBUS,OH,20,FRANKLIN
COLUMBUS,TX,1,COLORADO
COLUMBUS,WI,1,COLUMBIA
COLUSA,CA,1,COLUSA
COLVILLE,WA,1,STEVENS
COMANCHE,TX,1,COMANCHE
COMMERCE,GA,1,JACKSON
COMMERCE,TX,1,HUNT
COMMERCE TOWNSHIP,MI,1,OAKLAND
CONCORD,CA,2,CONTRA COSTA
CONCORD,MA,1,MIDDLESEX
CONCORD,NC,2,CABARRUS
CONCORD,NH,2,MERRIMACK
CONCORDIA,KS,1,CLOUD
CONNEAUT,OH,1,ASHTABULA
CONNELLSVILLE,PA,1,FAYETTE
CONNERSVILLE,IN,1,FAYETTE
CONRAD,MT,1,PONDERA
CONROE,TX,5,MONTGOMERY
CONWAY,AR,3,FAULKNER
CONWAY,SC,2,HORRY
CONYERS,GA,1,ROCKDALE
COOK,MN,1,ST. LOUIS
COOKEVILLE,TN,1,PUTNAM
COON RAPIDS,MN,1,ANOKA
COOPER CITY,FL,1,BROWARD
COOPERSTOWN,ND,1,GRIGGS
COOPERSTOWN,NY,1,OTSEGO
COOS BAY,OR,1,COOS
COPPERHILL,TN,1,POLK
COQUILLE,OR,1,COOS
CORAL GABLES,FL,3,MIAMI-DADE
CORAL SPRINGS,FL,1,BROWARD
CORALVILLE,IA,1,JOHNSON
CORBIN,KY,1,WHITLEY
CORCORAN,CA,1,KINGS
CORDELE,GA,1,CRISP
CORDELL,OK,1,WASHITA
CORDOVA,AK,1,VALDEZ-CORDOVA
CORINTH,MS,1,ALCORN
CORINTH,TX,1,DENTON
CORNING,IA,1,ADAMS
CORNING,NY,2,STEUBEN
CORNWALL,NY,1,ORANGE
CORONA,CA,2,RIVERSIDE
CORONADO,CA,2,SAN DIEGO
CORPUS CHRISTI,TX,14,NUECES
CORRY,PA,2,ERIE
CORSICANA,TX,1,NAVARRO
CORTEZ,CO,1,MONTEZUMA
CORTLAND,NY,1,CORTLAND
CORTLANDT MANOR,NY,1,WESTCHESTER
CORVALLIS,OR,1,BENTON
CORYDON,IA,1,WAYNE
CORYDON,IN,1,HARRISON
COSHOCTON,OH,1,COSHOCTON
COSTA MESA,CA,2,ORANGE
COTO LAUREL,PR,1,PONCE
COTTAGE GROVE,OR,1,LANE
COTTONWOOD,AZ,1,YAVAPAI
COTTONWOOD,ID,1,IDAHO
COUDERSPORT,PA,1,POTTER
COUNCIL BLUFFS,IA,2,POTTAWATTAMIE
COUNCIL GROVE,KS,1,MORRIS
COUPEVILLE,WA,1,ISLAND
COUSHATTA,LA,2,RED RIVER
COVINA,CA,2,LOS ANGELES
COVINGTON,GA,1,NEWTON
COVINGTON,KY,2,KENTON
COVINGTON,LA,7,ST. TAMMANY
COVINGTON,TN,1,TIPTON
COZAD,NE,1,DAWSON
CRAIG,CO,1,MOFFAT
CRANBERRY,PA,1,BUTLER
CRANE,TX,1,CRANE
CRANSTON,RI,1,PROVIDENCE
CRAWFORDSVILLE,IN,1,MONTGOMERY
CREIGHTON,NE,1,KNOX
CRESCENT CITY,CA,1,DEL NORTE
CRESCO,IA,1,HOWARD
CRESTON,IA,1,UNION
CRESTVIEW,FL,1,OKALOOSA
CRETE,NE,1,SALINE
CREVE COEUR,MO,1,ST. LOUIS
CRISFIELD,MD,1,SOMERSET
CROCKETT,TX,1,HOUSTON
CROOKSTON,MN,1,POLK
CROSBY,MN,1,CROW WING
CROSBY,ND,1,DIVIDE
CROSBYTON,TX,1,CROSBY
CROSSETT,AR,1,ASHLEY
CROSSVILLE,TN,1,CUMBERLAND
CROW AGENCY,MT,1,BIG HORN
CROWLEY,LA,3,ACADIA
CROWN POINT,IN,3,LAKE
CROWNPOINT,NM,1,MCKINLEY
CRYSTAL CITY,MO,1,JEFFERSON
CRYSTAL RIVER,FL,1,CITRUS
CUBA,NY,1,ALLEGANY
CUDAHY,WI,1,MILWAUKEE
CUERO,TX,1,DEWITT
CULBERTSON,MT,1,ROOSEVELT
CULEBRA PUEBLO,PR,1,CULEBRA
CULLMAN,AL,2,CULLMAN
CULPEPER,VA,1,CULPEPER
CULVER CITY,CA,2,LOS ANGELES
CUMBERLAND,MD,2,ALLEGANY
CUMBERLAND,WI,1,BARRON
CUMMING,GA,1,FORSYTH
CUSHING,OK,1,PAYNE
CUSTER,SD,1,CUSTER
CUT BANK,MT,1,GLACIER
CUT OFF,LA,1,LAFOURCHE
CUTHBERT,GA,1,RANDOLPH
CUYAHOGA FALLS,OH,2,SUMMIT
CYNTHIANA,KY,1,HARRISON
CYPRESS,TX,2,HARRIS
DADE CITY,FL,1,PASCO
DADEVILLE,AL,1,TALLAPOOSA
DAHLONEGA,GA,1,LUMPKIN
DAKOTA DUNES,SD,1,UNION
DALHART,TX,1,HARTLEY
DALLAS,GA,1,PAULDING
DALLAS,OR,1,POLK
DALLAS,TX,38,DALLAS
DALTON,GA,1,WHITFIELD
DALY CITY,CA,1,SAN MATEO
DAMARISCOTTA,ME,1,LINCOLN
DANBURY,CT,1,FAIRFIELD
DANBURY,NC,1,STOKES
DANSVILLE,NY,1,LIVINGSTON
DANVILLE,AR,1,YELL
DANVILLE,IL,2,VERMILION
DANVILLE,IN,1,HENDRICKS
DANVILLE,KY,1,BOYLE
DANVILLE,PA,4,MONTOUR
DANVILLE,VA,2,DANVILLE
DAPHNE,AL,1,BALDWIN
DARBY,PA,2,DELAWARE
DARDANELLE,AR,1,YELL
DARLINGTON,SC,1,DARLINGTON
DARLINGTON,WI,1,LAFAYETTE
DARTMOUTH,MA,1,BRISTOL
DAVENPORT,FL,1,POLK
DAVENPORT,IA,3,SCOTT
DAVENPORT,WA,1,LINCOLN
DAVID CITY,NE,1,BUTLER
DAVIS,CA,1,YOLO
DAWSON,MN,1,LAC QUI PARLE
DAYTON,NV,1,LYON
DAYTON,OH,13,MONTGOMERY
DAYTON,TN,1,RHEA
DAYTON,WA,1,COLUMBIA
DAYTONA BEACH,FL,4,VOLUSIA
DE QUEEN,AR,1,SEVIER
DE SMET,SD,1,KINGSBURY
DE SOTO,TX,4,DALLAS
DE WITT,AR,1,ARKANSAS
DEADWOOD,SD,1,LAWRENCE
DEARBORN,MI,1,WAYNE
DECATUR,AL,4,MORGAN
DECATUR,GA,4,DEKALB
DECATUR,IL,2,MACON
DECATUR,IN,1,ADAMS
DECATUR,TX,2,WISE
DECKERVILLE,MI,1,SANILAC
DECORAH,IA,1,WINNESHIEK
DEDEDO,GU,1,NOT AVAILABLE
DEDHAM,MA,1,NORFOLK
DEER LODGE,MT,1,POWELL
DEER RIVER,MN,1,ITASCA
DEFIANCE,OH,2,DEFIANCE
DEFUNIAK SPRINGS,FL,1,WALTON
DEKALB,IL,1,DEKALB
DEKALB,MS,1,KEMPER
DEL NORTE,CO,1,RIO GRANDE
DEL RIO,TX,1,VAL VERDE
DELAND,FL,1,VOLUSIA
DELANO,CA,1,KERN
DELAWARE,OH,1,DELAWARE
DELHI,LA,1,RICHLAND
DELHI,NY,1,DELAWARE
DELL RAPIDS,SD,1,MINNEHAHA
DELRAY BEACH,FL,3,PALM BEACH
DELTA,CO,1,DELTA
DELTA,UT,1,MILLARD
DEMING,NM,1,LUNA
DEMOPOLIS,AL,1,MARENGO
DEMOREST,GA,1,HABERSHAM
DENHAM SPRINGS,LA,1,LIVINGSTON
DENISON,IA,2,CRAWFORD
DENISON,TX,2,GRAYSON
DENNISON,OH,2,TUSCARAWAS
DENTON,TX,8,DENTON
DENVER,CO,17,['DENVER' 'ADAMS']
DENVER CITY,TX,1,YOAKUM
DENVILLE,NJ,1,MORRIS
DEQUINCY,LA,1,CALCASIEU
DERBY,CT,1,NEW HAVEN
DERIDDER,LA,2,BEAUREGARD
DERRY,NH,1,ROCKINGHAM
DES MOINES,IA,7,POLK
DES PLAINES,IL,2,COOK
DESTIN,FL,1,OKALOOSA
DETROIT,MI,14,WAYNE
DETROIT LAKES,MN,1,BECKER
DEVIL'S LAKE,ND,1,RAMSEY
DEWITT,IA,1,CLINTON
DEXTER,MO,1,STODDARD
DICKINSON,ND,2,STARK
DICKSON,TN,1,DICKSON
DIGHTON,KS,1,LANE
DILLEY,TX,1,FRIO
DILLINGHAM,AK,1,DILLINGHAM
DILLON,MT,1,BEAVERHEAD
DILLON,SC,1,DILLON
DIMMITT,TX,1,CASTRO
DIXON,IL,1,LEE
DOBBS FERRY,NY,1,WESTCHESTER
DODGE CITY,KS,1,FORD
DODGEVILLE,WI,1,IOWA
DONALDSONVILLE,LA,1,ASCENSION
DONALSONVILLE,GA,1,SEMINOLE
DONIPHAN,MO,1,RIPLEY
DOTHAN,AL,5,HOUSTON
DOUGLAS,AZ,1,COCHISE
DOUGLAS,GA,1,COFFEE
DOUGLAS,WY,1,CONVERSE
DOUGLASVILLE,GA,2,DOUGLAS
DOVER,DE,2,KENT
DOVER,NH,1,STRAFFORD
DOVER,NJ,2,MORRIS
DOVER,OH,1,TUSCARAWAS
DOVER FOXCROFT,ME,1,PISCATAQUIS
DOWAGIAC,MI,1,CASS
DOWNERS GROVE,IL,1,DUPAGE
DOWNEY,CA,3,LOS ANGELES
DOWNINGTOWN,PA,1,CHESTER
DOYLESTOWN,PA,2,BUCKS
DRAPER,UT,1,SALT LAKE
DREXEL HILL,PA,1,DELAWARE
DRIGGS,ID,1,TETON
DRUID HILLS,GA,2,DEKALB
DRUMRIGHT,OK,1,CREEK
DU QUOIN,IL,1,PERRY
DUARTE,CA,1,LOS ANGELES
DUBLIN,GA,2,LAURENS
DUBLIN,OH,2,FRANKLIN
DUBOIS,PA,1,CLEARFIELD
DUBUQUE,IA,2,DUBUQUE
DULLES,VA,1,LOUDOUN
DULUTH,GA,2,GWINNETT
DULUTH,MN,3,ST. LOUIS
DUMAS,AR,1,DESHA
DUMAS,TX,1,MOORE
DUNCAN,OK,1,STEPHENS
DUNEDIN,FL,2,PINELLAS
DUNKIRK,NY,1,CHAUTAUQUA
DUNN,NC,1,HARNETT
DUNWOODY,GA,1,DEKALB
DURAND,WI,1,PEPIN
DURANGO,CO,2,LA PLATA
DURANT,OK,1,BRYAN
DURHAM,NC,6,DURHAM
DYER,IN,1,LAKE
DYERSBURG,TN,1,DYER
DYERSVILLE,IA,1,DUBUQUE
EADS,CO,1,KIOWA
EAGLE,ID,1,ADA
EAGLE BUTTE,SD,1,DEWEY
EAGLE LAKE,TX,1,COLORADO
EAGLE PASS,TX,1,MAVERICK
EAGLE RIVER,WI,1,VILAS
EAGLEVILLE,PA,1,MONTGOMERY
EASLEY,SC,1,PICKENS
EAST CHICAGO,IN,2,LAKE
EAST CHINA,MI,1,ST. CLAIR
EAST LIVERPOOL,OH,1,COLUMBIANA
EAST MEADOW,NY,1,NASSAU
EAST NORRITON,PA,1,MONTGOMERY
EAST ORANGE,NJ,2,ESSEX
EAST POINT,GA,1,FULTON
EAST PROVIDENCE,RI,1,PROVIDENCE
EAST STROUDSBURG,PA,1,MONROE
EASTLAND,TX,1,EASTLAND
EASTMAN,GA,1,DODGE
EASTON,MD,1,TALBOT
EASTON,PA,2,NORTHAMPTON
EATON RAPIDS,MI,1,EATON
EATONTON,GA,1,PUTNAM
EAU CLAIRE,WI,2,EAU CLAIRE
EDEN,NC,1,ROCKINGHAM
EDEN,TX,1,CONCHO
EDENTON,NC,1,CHOWAN
EDGEFIELD,SC,1,EDGEFIELD
EDGERTON,WI,1,ROCK
EDGEWOOD,KY,2,KENTON
EDINA,MN,1,HENNEPIN
EDINBURG,TX,8,HIDALGO
EDISON,NJ,2,MIDDLESEX
EDMOND,OK,4,OKLAHOMA
EDMONDS,WA,1,SNOHOMISH
EDNA,TX,1,JACKSON
EFFINGHAM,IL,1,EFFINGHAM
EGLIN AFB,FL,1,OKALOOSA
EIELSON AFB,AK,1,FAIRBANKS NORTH STAR
EKALAKA,MT,1,CARTER
EL CAMPO,TX,1,WHARTON
EL CENTRO,CA,1,IMPERIAL
EL DORADO,AR,1,UNION
EL DORADO,KS,1,BUTLER
EL DORADO SPRINGS,MO,2,CEDAR
EL PASO,TX,18,EL PASO
EL RENO,OK,1,CANADIAN
ELBERTON,GA,1,ELBERT
ELBOW LAKE,MN,2,GRANT
ELDORADO,IL,1,SALINE
ELDORADO,TX,1,SCHLEICHER
ELDRIDGE,CA,1,SONOMA
ELECTRA,TX,1,WICHITA
ELGIN,IL,2,KANE
ELGIN,ND,1,GRANT
ELIZABETH,NJ,3,UNION
ELIZABETH CITY,NC,1,PASQUOTANK
ELIZABETHTON,TN,1,CARTER
ELIZABETHTOWN,KY,2,HARDIN
ELIZABETHTOWN,NC,1,BLADEN
ELIZABETHTOWN,NY,1,ESSEX
ELK CITY,OK,1,BECKHAM
ELK GROVE VILLAGE,IL,1,COOK
ELKADER,IA,1,CLAYTON
ELKHART,IN,1,ELKHART
ELKHART,KS,1,MORTON
ELKHORN,NE,1,DOUGLAS
ELKHORN,WI,1,WALWORTH
ELKIN,NC,1,SURRY
ELKINS,WV,1,RANDOLPH
ELKO,NV,1,ELKO
ELKTON,MD,1,CECIL
ELLENSBURG,WA,1,KITTITAS
ELLENVILLE,NY,1,ULSTER
ELLICOTT CITY,MD,1,HOWARD
ELLIJAY,GA,1,GILMER
ELLINGTON,MO,1,REYNOLDS
ELLINWOOD,KS,1,BARTON
ELLSWORTH,KS,1,ELLSWORTH
ELLSWORTH,ME,2,HANCOCK
ELLWOOD CITY,PA,1,LAWRENCE
ELMA,WA,1,GRAYS HARBOR
ELMER,NJ,1,SALEM
ELMHURST,IL,1,DUPAGE
ELMHURST,NY,1,QUEENS
ELMIRA,NY,3,CHEMUNG
ELWOOD,IN,1,MADISON
ELY,MN,1,ST. LOUIS
ELY,NV,1,WHITE PINE
ELYRIA,OH,1,LORAIN
EMMETSBURG,IA,1,PALO ALTO
EMMETT,ID,1,GEM
EMPORIA,KS,1,LYON
EMPORIA,VA,1,EMPORIA
ENCINITAS,CA,1,SAN DIEGO
ENCINO,CA,1,LOS ANGELES
ENGLEWOOD,CO,2,ARAPAHOE
ENGLEWOOD,FL,1,SARASOTA
ENGLEWOOD,NJ,1,BERGEN
ENID,OK,3,GARFIELD
ENNIS,MT,1,MADISON
ENNIS,TX,1,ELLIS
ENTERPRISE,AL,1,COFFEE
ENTERPRISE,OR,1,WALLOWA
ENUMCLAW,WA,1,KING
EPHRATA,PA,1,LANCASTER
EPHRATA,WA,1,GRANT
ERIE,PA,7,ERIE
ERIN,TN,1,HOUSTON
ERWIN,NC,1,HARNETT
ERWIN,TN,1,UNICOI
ESCANABA,MI,1,DELTA
ESCONDIDO,CA,2,SAN DIEGO
ESPANOLA,NM,1,RIO ARRIBA
ESTES PARK,CO,1,LARIMER
ESTHERVILLE,IA,1,EMMET
ETOWAH,TN,1,MCMINN
EUCLID,OH,1,CUYAHOGA
EUFAULA,AL,1,BARBOUR
EUFAULA,OK,1,MCINTOSH
EUGENE,OR,1,LANE
EUNICE,LA,3,['ST. LANDRY' 'ACADIA']
EUPORA,MS,1,WEBSTER
EUREKA,CA,3,HUMBOLDT
EUREKA,IL,1,WOODFORD
EUREKA,KS,1,GREENWOOD
EUREKA,SD,1,MCPHERSON
EUREKA SPRINGS,AR,1,CARROLL
EUTAW,AL,1,GREENE
EVANSTON,IL,2,COOK
EVANSTON,WY,2,UINTA
EVANSVILLE,IN,6,VANDERBURGH
EVERETT,MA,1,MIDDLESEX
EVERETT,PA,1,BEDFORD
EVERETT,WA,3,SNOHOMISH
EVERGREEN,AL,1,CONECUH
EVERGREEN PARK,IL,1,COOK
EWA BEACH,HI,2,HONOLULU
EXCELSIOR SPRINGS,MO,1,CLAY
EXETER,NH,1,ROCKINGHAM
FAIRBANKS,AK,1,FAIRBANKS NORTH STAR
FAIRBURY,NE,1,JEFFERSON
FAIRCHILD AIR FORCE,WA,1,SPOKANE
FAIRFAX,MO,1,ATCHISON
FAIRFAX,OK,1,OSAGE
FAIRFAX,SC,1,ALLENDALE
FAIRFAX,VA,1,FAIRFAX
FAIRFIELD,CA,1,SOLANO
FAIRFIELD,IA,1,JEFFERSON
FAIRFIELD,IL,1,WAYNE
FAIRFIELD,OH,1,BUTLER
FAIRFIELD,TX,1,FREESTONE
FAIRHOPE,AL,1,BALDWIN
FAIRMONT,MN,1,MARTIN
FAIRMONT,WV,1,MARION
FAIRVIEW,OK,1,MAJOR
FAJARDO,PR,2,FAJARDO
FALL RIVER,MA,3,BRISTOL
FALL RIVER MILLS,CA,1,SHASTA
FALLBROOK,CA,2,SAN DIEGO
FALLON,NV,1,CHURCHILL
FALLS CHURCH,VA,3,FAIRFAX
FALLS CITY,NE,1,RICHARDSON
FALMOUTH,MA,1,BARNSTABLE
FAR ROCKAWAY,NY,1,QUEENS
FARGO,ND,8,CASS
FARIBAULT,MN,1,RICE
FARMERVILLE,LA,2,UNION
FARMINGTON,CT,1,HARTFORD
FARMINGTON,ME,1,FRANKLIN
FARMINGTON,MO,3,ST. FRANCOIS
FARMINGTON,NM,2,SAN JUAN
FARMINGTON HILLS,MI,1,OAKLAND
FARMVILLE,VA,1,PRINCE EDWARD
FARRELL,PA,1,MERCER
FAULKTON,SD,1,FAULK
FAYETTE,AL,1,FAYETTE
FAYETTE,MS,1,JEFFERSON
FAYETTEVILLE,AR,7,WASHINGTON
FAYETTEVILLE,GA,1,FAYETTE
FAYETTEVILLE,NC,3,CUMBERLAND
FAYETTEVILLE,TN,1,LINCOLN
FEDERAL WAY,WA,1,KING
FENTON,MO,1,ST. LOUIS
FERGUS FALLS,MN,1,OTTER TAIL
FERNANDINA BEACH,FL,1,NASSAU
FERRIDAY,LA,1,CONCORDIA
FILLMORE,UT,1,MILLARD
FINDLAY,OH,1,HANCOCK
FISHERS,IN,1,HAMILTON
FISHERSVILLE,VA,1,AUGUSTA
FITCHBURG,MA,1,WORCESTER
FITZGERALD,GA,1,BEN HILL
FLAGSTAFF,AZ,2,COCONINO
FLANDREAU,SD,1,MOODY
FLEMINGSBURG,KY,1,FLEMING
FLEMINGTON,NJ,1,HUNTERDON
FLINT,MI,3,GENESEE
FLORA,IL,1,CLAY
FLORALA,AL,1,COVINGTON
FLORENCE,AL,1,LAUDERDALE
FLORENCE,AZ,2,PINAL
FLORENCE,KY,2,BOONE
FLORENCE,OR,1,LANE
FLORENCE,SC,6,FLORENCE
FLORESVILLE,TX,1,WILSON
FLORIDA CITY,FL,1,MIAMI-DADE
FLORISSANT,MO,1,ST. LOUIS
FLOWER MOUND,TX,2,DENTON
FLOWOOD,MS,2,RANKIN
FLUSHING,NY,2,QUEENS
FOLEY,AL,1,BALDWIN
FOLKSTON,GA,1,CHARLTON
FOLSOM,CA,2,SACRAMENTO
FOND DU LAC,WI,2,FOND DU LAC
FONTANA,CA,1,SAN BERNARDINO
FORDYCE,AR,1,DALLAS
FOREST,MS,1,SCOTT
FOREST  PARK,IL,1,COOK
FOREST GROVE,OR,1,WASHINGTON
FOREST HILLS,NY,1,QUEENS
FORKS,WA,1,CLALLAM
FORREST CITY,AR,1,ST. FRANCIS
FORSYTH,GA,1,MONROE
FORSYTH,MT,1,ROSEBUD
FORT ATKINSON,WI,1,JEFFERSON
FORT BELVOIR,VA,2,FAIRFAX
FORT BENNING,GA,1,CHATTAHOOCHEE
FORT BENTON,MT,1,CHOUTEAU
FORT BRAGG,CA,1,MENDOCINO
FORT BRAGG,NC,1,CUMBERLAND
FORT CARSON,CO,1,EL PASO
FORT COLLINS,CO,2,LARIMER
FORT DEFIANCE,AZ,1,APACHE
FORT DODGE,IA,1,WEBSTER
FORT EUSTIS,VA,1,NEWPORT NEWS
FORT FAIRFIELD,ME,1,AROOSTOOK
FORT GORDON,GA,1,RICHMOND
FORT HARRISON,MT,1,LEWIS AND CLARK
FORT HOOD,TX,1,BELL
FORT HUACHUCA,AZ,1,COCHISE
FORT IRWIN,CA,1,SAN BERNARDINO
FORT JACKSON,SC,1,RICHLAND
FORT KENT,ME,1,AROOSTOOK
FORT LAUDERDALE,FL,6,BROWARD
FORT LEONARD WOOD,MO,1,PULASKI
FORT MADISON,IA,1,LEE
FORT MEADE,SD,1,MEADE
FORT MOHAVE,AZ,1,MOHAVE
FORT MORGAN,CO,1,MORGAN
FORT MYERS,FL,5,LEE
FORT OGLETHORPE,GA,1,CATOOSA
FORT PAYNE,AL,1,DEKALB
FORT PIERCE,FL,3,ST. LUCIE
FORT RILEY,KS,1,GEARY
FORT SAM HOUSTON,TX,1,BEXAR
FORT SCOTT,KS,1,BOURBON
FORT SILL,OK,1,COMANCHE
FORT SMITH,AR,6,SEBASTIAN
FORT STEWART,GA,1,LIBERTY
FORT STOCKTON,TX,1,PECOS
FORT SUPPLY,OK,1,WOODWARD
FORT VALLEY,GA,2,PEACH
FORT WAINWRIGHT,AK,1,FAIRBANKS NORTH STAR
FORT WALTON BEACH,FL,2,OKALOOSA
FORT WASHINGTON,MD,1,PRINCE GEORGE'S
FORT WASHINGTON,PA,1,MONTGOMERY
FORT WAYNE,IN,12,ALLEN
FORT WORTH,TX,24,TARRANT
FORT YATES,ND,1,SIOUX
FORTH WORTH,TX,1,TARRANT
FORTUNA,CA,1,HUMBOLDT
FOSSTON,MN,1,POLK
FOSTORIA,OH,1,SENECA
FOUNTAIN VALLEY,CA,3,ORANGE
FOXBOROUGH,MA,1,NORFOLK
FOXRIDGE,MD,1,BALTIMORE
FRAMINGHAM,MA,1,MIDDLESEX
FRANKFORT,IN,1,CLINTON
FRANKFORT,KY,1,FRANKLIN
FRANKFORT,MI,1,BENZIE
FRANKLIN,IN,1,JOHNSON
FRANKLIN,KY,1,SIMPSON
FRANKLIN,LA,1,ST. MARY
FRANKLIN,NC,1,MACON
FRANKLIN,NE,1,FRANKLIN
FRANKLIN,NH,1,MERRIMACK
FRANKLIN,OH,1,WARREN
FRANKLIN,TN,2,WILLIAMSON
FRANKLIN,VA,1,FRANKLIN CITY
FRANKLIN,WI,2,MILWAUKEE
FRANKLINTON,LA,1,WASHINGTON
FREDERICK,MD,1,FREDERICK
FREDERICK,OK,1,TILLMAN
FREDERICKSBURG,TX,1,GILLESPIE
FREDERICKSBURG,VA,3,['FREDERICKSBURG' 'SPOTSYLVANIA']
FREDERICKTOWN,MO,1,MADISON
FREDONIA,KS,1,WILSON
FREEHOLD,NJ,1,MONMOUTH
FREEMAN,SD,1,HUTCHINSON
FREEPORT,IL,1,STEPHENSON
FREMONT,CA,3,ALAMEDA
FREMONT,MI,1,NEWAYGO
FREMONT,NE,1,DODGE
FREMONT,OH,2,SANDUSKY
FRENCH CAMP,CA,1,SAN JOAQUIN
FRESNO,CA,10,FRESNO
FRIDAY HARBOR,WA,1,SAN JUAN
FRIDLEY,MN,1,ANOKA
FRIEND,NE,1,SALINE
FRIENDSHIP,WI,1,ADAMS
FRIONA,TX,1,PARMER
FRISCO,CO,1,SUMMIT
FRISCO,TX,5,COLLIN
FRONT ROYAL,VA,1,WARREN
FRUITA,CO,1,MESA
FT THOMAS,KY,1,CAMPBELL
FT. THOMAS,KY,1,CAMPBELL
FULLERTON,CA,1,ORANGE
FULTON,KY,1,FULTON
FULTON,MO,2,CALLAWAY
GADSDEN,AL,4,ETOWAH
GAFFNEY,SC,1,CHEROKEE
GAINESBORO,TN,1,JACKSON
GAINESVILLE,FL,6,ALACHUA
GAINESVILLE,GA,2,HALL
GAINESVILLE,TX,1,COOKE
GALAX,VA,1,GALAX
GALENA,IL,1,JO DAVIESS
GALENA,KS,1,CHEROKEE
GALESBURG,IL,2,KNOX
GALION,OH,1,CRAWFORD
GALLATIN,TN,1,SUMNER
GALLIPOLIS,OH,1,GALLIA
GALLUP,NM,2,MCKINLEY
GALVESTON,TX,2,GALVESTON
GANADO,AZ,1,APACHE
GARAPAN,MP,1,NOT AVAILABLE
GARBERVILLE,CA,1,HUMBOLDT
GARDEN CITY,KS,1,FINNEY
GARDEN CITY,MI,1,WAYNE
GARDEN GROVE,CA,1,ORANGE
GARDENA,CA,2,LOS ANGELES
GARDNER,KS,1,JOHNSON
GARDNER,MA,1,WORCESTER
GARDNERVILLE,NV,1,DOUGLAS
GARFIELD HEIGHTS,OH,1,CUYAHOGA
GARLAND,TX,4,DALLAS
GARNER,NC,1,WAKE
GARNETT,KS,1,ANDERSON
GARRISON,ND,1,MCLEAN
GARY,IN,1,LAKE
GASSAWAY,WV,1,BRAXTON
GASTONIA,NC,1,GASTON
GATESVILLE,TX,1,CORYELL
GAYLORD,MI,1,OTSEGO
GENESEO,IL,1,HENRY
GENEVA,AL,1,GENEVA
GENEVA,IL,1,KANE
GENEVA,NE,1,FILLMORE
GENEVA,NY,1,ONTARIO
GENEVA,OH,2,ASHTABULA
GENOA,NE,1,NANCE
GEORGETOWN,KY,1,SCOTT
GEORGETOWN,MA,1,ESSEX
GEORGETOWN,OH,1,BROWN
GEORGETOWN,SC,1,GEORGETOWN
GEORGETOWN,TX,3,WILLIAMSON
GEORGIANA,AL,1,BUTLER
GERMANTOWN,MD,1,MONTGOMERY
GERMANTOWN,TN,3,SHELBY
GETTYSBURG,PA,1,ADAMS
GETTYSBURG,SD,1,POTTER
GEYSERVILLE,CA,1,SONOMA
GIBSON CITY,IL,1,FORD
GIG HARBOR,WA,1,PIERCE
GILBERT,AZ,5,MARICOPA
GILLETTE,WY,1,CAMPBELL
GILMER,TX,1,UPSHUR
GILROY,CA,1,SANTA CLARA
GIRARD,KS,1,CRAWFORD
GLADWIN,MI,1,GLADWIN
GLASGOW,KY,1,BARREN
GLASGOW,MT,1,VALLEY
GLEN BURNIE,MD,1,ANNE ARUNDEL
GLEN COVE,NY,1,NASSAU
GLEN DALE,WV,1,MARSHALL
GLEN ROSE,TX,1,SOMERVELL
GLENCOE,MN,1,MCLEOD
GLENDALE,AZ,6,MARICOPA
GLENDALE,CA,3,LOS ANGELES
GLENDALE,WI,1,MILWAUKEE
GLENDALE HEIGHTS,IL,1,DUPAGE
GLENDIVE,MT,1,DAWSON
GLENDORA,CA,2,LOS ANGELES
GLENNALLEN,AK,1,VALDEZ-CORDOVA
GLENS FALLS,NY,1,WARREN
GLENVIEW,IL,1,COOK
GLENWOOD,GA,1,WHEELER
GLENWOOD,IA,1,MILLS
GLENWOOD,MN,1,POPE
GLENWOOD SPRINGS,CO,1,GARFIELD
GLOBE,AZ,1,GILA
GLOUCESTER,MA,1,ESSEX
GLOUCESTER,VA,1,GLOUCESTER
GLOVERSVILLE,NY,1,FULTON
GOLD BEACH,OR,1,CURRY
GOLDEN VALLEY,MN,1,HENNEPIN
GOLDENDALE,WA,1,KLICKITAT
GOLDSBORO,NC,1,WAYNE
GONZALES,LA,5,ASCENSION
GONZALES,TX,1,HARRIS
GOODING,ID,1,GOODING
GOODLAND,KS,1,SHERMAN
GOODYEAR,AZ,2,MARICOPA
GORDON,NE,1,SHERIDAN
GOSHEN,IN,2,ELKHART
GOTHENBURG,NE,1,DAWSON
GOUVERNEUR,NY,1,ST. LAWRENCE
GOWANDA,NY,1,CATTARAUGUS
GRACEVILLE,FL,1,JACKSON
GRACEVILLE,MN,1,BIG STONE
GRAFTON,ND,1,WALSH
GRAFTON,WI,1,OZAUKEE
GRAFTON,WV,1,TAYLOR
GRANBURY,TX,1,HARRIS
GRANBY,CO,1,GRAND
GRAND BLANC,MI,1,GENESEE
GRAND COULEE,WA,1,GRANT
GRAND FORKS,ND,4,GRAND FORKS
GRAND HAVEN,MI,1,OTTAWA
GRAND ISLAND,NE,2,HALL
GRAND JUNCTION,CO,3,MESA
GRAND MARAIS,MN,1,COOK
GRAND PRAIRIE,TX,1,TARRANT
GRAND RAPIDS,MI,7,KENT
GRAND RAPIDS,MN,1,ITASCA
GRAND SALINE,TX,1,VAN ZANDT
GRANGEVILLE,ID,1,IDAHO
GRANITE CITY,IL,1,MADISON
GRANITE FALLS,MN,1,YELLOW MEDICINE
GRANT,NE,1,PERKINS
GRANTS,NM,1,CIBOLA
GRANTS PASS,OR,1,JOSEPHINE
GRANTSBURG,WI,1,BURNETT
GRANTSVILLE,WV,1,CALHOUN
GRAPEVINE,TX,2,['GONZALES' 'YOUNG']
GRASS VALLEY,CA,1,NEVADA
GRAVETTE,AR,1,BENTON
GRAYLING,MI,1,CRAWFORD
GREAT BARRINGTON,MA,1,BERKSHIRE
GREAT BEND,KS,1,BARTON
GREAT FALLS,MT,3,CASCADE
GREELEY,CO,1,WELD
GREEN BAY,WI,8,BROWN
GREEN COVE SPRINGS,FL,1,CLAY
GREEN SPRINGS,OH,1,SENECA
GREEN VALLEY,AZ,1,PIMA
GREENBRAE,CA,1,MARIN
GREENCASTLE,IN,1,PUTNAM
GREENEVILLE,TN,2,GREENE
GREENFIELD,IA,1,ADAIR
GREENFIELD,IN,1,HANCOCK
GREENFIELD,MA,1,FRANKLIN
GREENFIELD,NH,1,HILLSBOROUGH
GREENFIELD,OH,1,HIGHLAND
GREENFIELD,WI,1,MILWAUKEE
GREENPORT,NY,1,SUFFOLK
GREENSBORO,AL,1,HALE
GREENSBORO,GA,2,GREENE
GREENSBORO,NC,6,GUILFORD
GREENSBURG,IN,1,DECATUR
GREENSBURG,KS,1,KIOWA
GREENSBURG,KY,1,GREEN
GREENSBURG,LA,1,ST. HELENA
GREENSBURG,PA,1,WESTMORELAND
GREENVILLE,AL,1,BUTLER
GREENVILLE,IL,1,BOND
GREENVILLE,KY,1,MUHLENBERG
GREENVILLE,ME,1,PISCATAQUIS
GREENVILLE,MI,1,MONTCALM
GREENVILLE,MS,3,WASHINGTON
GREENVILLE,NC,1,PITT
GREENVILLE,OH,1,DARKE
GREENVILLE,PA,1,MERCER
GREENVILLE,SC,7,GREENVILLE
GREENVILLE,TX,3,['HOOD' 'HUNT']
GREENWELL SPRINGS,LA,1,EAST BATON ROUGE
GREENWICH,CT,1,FAIRFIELD
GREENWOOD,IN,2,JOHNSON
GREENWOOD,MS,2,LEFLORE
GREENWOOD,SC,2,GREENWOOD
GREER,SC,3,['GREENVILLE' 'SPARTANBURG']
GREGORY,SD,1,GREGORY
GRENADA,MS,1,GRENADA
GRESHAM,OR,1,MULTNOMAH
GRETNA,LA,3,JEFFERSON
GRIDLEY,CA,1,BUTTE
GRIFFIN,GA,1,SPALDING
GRINNELL,IA,1,POWESHIEK
GROESBECK,TX,1,TARRANT
GROSSE POINTE,MI,2,WAYNE
GROSSE POINTE FARMS,MI,1,WAYNE
GROVE,OK,1,DELAWARE
GROVE CITY,PA,1,MERCER
GROVE HILL,AL,1,CLARKE
GROVES,TX,2,['TARRANT' 'JEFFERSON']
GRUNDY,VA,1,BUCHANAN
GRUNDY CENTER,IA,1,GRUNDY
GUAYAMA,PR,1,GUAYAMA
GUAYAMA PUEBLO,PR,1,GUAYAMA
GUAYNABO,PR,1,SAN JUAN
GUILDERLAND,NY,1,ALBANY
GULF BREEZE,FL,2,SANTA ROSA
GULFPORT,MS,4,HARRISON
GUNNISON,CO,1,GUNNISON
GUNNISON,UT,1,SANPETE
GUNTERSVILLE,AL,1,MARSHALL
GUTHRIE,OK,1,LOGAN
GUTHRIE CENTER,IA,1,GUTHRIE
GUTTENBERG,IA,1,CLAYTON
GUYMON,OK,1,TEXAS
HACKENSACK,NJ,1,BERGEN
HACKETTSTOWN,NJ,1,WARREN
HAGERSTOWN,MD,3,WASHINGTON
HALEYVILLE,AL,1,WINSTON
HALLOCK,MN,1,KITTSON
HAMBURG,IA,1,FREMONT
HAMILTON,AL,1,MARION
HAMILTON,MT,1,RAVALLI
HAMILTON,NY,1,MADISON
HAMILTON,OH,2,BUTLER
HAMILTON SQUARE,NJ,1,MERCER
HAMLET,NC,1,RICHMOND
HAMLIN,TX,1,LIMESTONE
HAMMOND,IN,2,LAKE
HAMMOND,LA,6,TANGIPAHOA
HAMMONTON,NJ,1,ATLANTIC
HAMPSTEAD,NH,1,ROCKINGHAM
HAMPTON,IA,1,FRANKLIN
HAMPTON,VA,3,HAMPTON
HANCOCK,MI,1,HOUGHTON
HANFORD,CA,2,KINGS
HANNIBAL,MO,1,MARION
HANOVER,KS,1,WASHINGTON
HANOVER,PA,1,YORK
HARBOR BEACH,MI,1,HURON
HARBOR CITY,CA,1,LOS ANGELES
HARDEEVILLE,SC,1,JASPER
HARDIN,MT,1,BIG HORN
HARDINSBURG,KY,1,BRECKINRIDGE
HARKER HEIGHTS,TX,1,BELL
HARLAN,IA,1,SHELBY
HARLAN,KY,1,HARLAN
HARLEM,MT,1,BLAINE
HARLINGEN,TX,9,['CAMERON' 'JONES' 'LAVACA' 'HAMILTON']
HARLOWTON,MT,1,WHEATLAND
HARPER,KS,1,HARPER
HARRIMAN,TN,2,ROANE
HARRIS,NY,1,SULLIVAN
HARRISBURG,IL,1,SALINE
HARRISBURG,PA,5,DAUPHIN
HARRISON,AR,1,BOONE
HARRISON,NY,1,WESTCHESTER
HARRISONBURG,VA,2,['ROCKINGHAM' 'HARRISONBURG']
HARRISONVILLE,MO,1,CASS
HARRODSBURG,KY,1,MERCER
HARRSIBURG,PA,1,DAUPHIN
HARTFORD,CT,4,HARTFORD
HARTFORD,KY,1,OHIO
HARTFORD,WI,1,WASHINGTON
HARTFORD CITY,IN,1,BLACKFORD
HARTSVILLE,SC,1,DARLINGTON
HARTSVILLE,TN,1,TROUSDALE
HARTWELL,GA,1,HART
HARVARD,IL,1,MCHENRY
HARVEY,IL,1,COOK
HARVEY,ND,1,WELLS
HASKELL,TX,1,HASKELL
HASTINGS,MI,1,BARRY
HASTINGS,MN,1,DAKOTA
HASTINGS,NE,1,ADAMS
HASTINGS,PA,1,CAMBRIA
HATO REY,PR,2,SAN JUAN
HATTIESBURG,MS,3,['FORREST' 'LAMAR']
HAVANA,IL,1,MASON
HAVERHILL,MA,3,ESSEX
HAVERTOWN,PA,1,DELAWARE
HAVRE,MT,1,HILL
HAVRE DE GRACE,MD,1,HARFORD
HAWAIIAN GARDENS,CA,1,LOS ANGELES
HAWARDEN,IA,1,SIOUX
HAWKINSVILLE,GA,1,PULASKI
HAWTHORNE,CA,1,LOS ANGELES
HAWTHORNE,NV,1,MINERAL
HAXTUN,CO,1,PHILLIPS
HAYMARKET,VA,1,PRINCE WILLIAM
HAYS,KS,1,ELLIS
HAYTI,MO,1,PEMISCOT
HAYWARD,CA,2,ALAMEDA
HAYWARD,WI,1,SAWYER
HAZARD,KY,1,PERRY
HAZEL CREST,IL,1,COOK
HAZELHURST,MS,1,COPIAH
HAZEN,ND,1,MERCER
HAZLEHURST,GA,1,JEFF DAVIS
HAZLEHURST,MS,1,COPIAH
HAZLETON,PA,1,LUZERNE
HEALDSBURG,CA,1,SONOMA
HEALDTON,OK,1,CARTER
HEBER,UT,1,WASATCH
HEBER SPRINGS,AR,1,CLEBURNE
HEBRON,NE,1,THAYER
HELENA,AR,1,PHILLIPS
HELENA,MT,2,LEWIS AND CLARK
HEMET,CA,2,RIVERSIDE
HEMPHILL,TX,1,SABINE
HENDERSON,KY,1,HENDERSON
HENDERSON,NC,1,VANCE
HENDERSON,NE,1,YORK
HENDERSON,NV,7,CLARK
HENDERSON,TX,1,RUSK
HENDERSONVILLE,NC,2,HENDERSON
HENDERSONVILLE,TN,1,SUMNER
HENDRICKS,MN,1,LINCOLN
HENRIETTA,TX,1,CLAY
HENRYETTA,OK,1,OKMULGEE
HEPPNER,OR,1,MORROW
HEREFORD,TX,2,DEAF SMITH
HERINGTON,KS,1,DICKINSON
HERMANN,MO,1,GASCONADE
HERMISTON,OR,1,UMATILLA
HERMITAGE,TN,1,DAVIDSON
HERRIN,IL,1,WILLIAMSON
HERSHEY,PA,1,DAUPHIN
HETTINGER,ND,1,ADAMS
HIALEAH,FL,4,MIAMI-DADE
HIALEAH GARDENS,FL,1,MIAMI-DADE
HIAWASSEE,GA,1,TOWNS
HIAWATHA,KS,1,BROWN
HIBBING,MN,1,ST. LOUIS
HICKORY,NC,3,['ALEXANDER' 'CATAWBA']
HICKSVILLE,OH,1,DEFIANCE
HIGH POINT,NC,1,GUILFORD
HIGHLAND,IL,2,MADISON
HIGHLAND HILLS,OH,1,CUYAHOGA
HIGHLAND PARK,IL,1,LAKE
HIGHLANDS,NC,1,MACON
HIGHLANDS RANCH,CO,1,DOUGLAS
HILL CITY,KS,1,GRAHAM
HILLSBORO,IL,1,MONTGOMERY
HILLSBORO,KS,1,MARION
HILLSBORO,ND,1,TRAILL
HILLSBORO,OH,1,HIGHLAND
HILLSBORO,OR,2,WASHINGTON
HILLSBORO,TX,1,HILL
HILLSBORO,WI,1,VERNON
HILLSDALE,MI,1,HILLSDALE
HILO,HI,1,HAWAII
HILTON HEAD ISLAND,SC,1,BEAUFORT
HINES,IL,1,COOK
HINESVILLE,GA,1,LIBERTY
HINSDALE,IL,2,['COOK' 'DUPAGE']
HINTON,WV,1,SUMMERS
HIRAM,GA,1,PAULDING
HIXSON,TN,1,HAMILTON
HOBART,IN,2,LAKE
HOBART,OK,1,KIOWA
HOBBS,NM,1,LEA
HOBOKEN,NJ,1,HUDSON
HOFFMAN ESTATES,IL,2,COOK
HOISINGTON,KS,1,BARTON
HOLDENVILLE,OK,1,HUGHES
HOLDREGE,NE,1,PHELPS
HOLLAND,MI,1,OTTAWA
HOLLIS,OK,1,HARMON
HOLLIS CENTER,ME,1,YORK
HOLLISTER,CA,2,SAN BENITO
HOLLY SPRINGS,MS,1,MARSHALL
HOLLYWOOD,CA,1,LOS ANGELES
HOLLYWOOD,FL,4,BROWARD
HOLMDEL,NJ,1,MONMOUTH
HOLTON,KS,1,JACKSON
HOLYOKE,CO,1,PHILLIPS
HOLYOKE,MA,2,HAMPDEN
HOMER,AK,1,KENAI PENINSULA
HOMER,LA,1,CLAIBORNE
HOMERVILLE,GA,1,CLINCH
HOMESTEAD,FL,1,MIAMI-DADE
HONESDALE,PA,1,WAYNE
HONOKAA,HI,1,HAWAII
HONOLULU,HI,10,HONOLULU
HOOD RIVER,OR,1,HOOD RIVER
HOOPESTON,IL,1,VERMILION
HOPE,AR,1,HEMPSTEAD
HOPEDALE,IL,1,TAZEWELL
HOPEWELL,VA,1,HOPEWELL
HOPKINSVILLE,KY,3,CHRISTIAN
HORNELL,NY,1,STEUBEN
HORSE CAVE,KY,1,HART
HORTON,KS,1,BROWN
HOT SPRINGS,AR,6,GARLAND
HOT SPRINGS,SD,3,FALL RIVER
HOT SPRINGS,VA,1,BATH
HOULTON,ME,1,AROOSTOOK
HOUMA,LA,5,TERREBONNE
HOUSTON,MO,1,TEXAS
HOUSTON,MS,1,CHICKASAW
HOUSTON,TX,68,['HARRIS' 'MEDINA']
HOVEN,SD,1,POTTER
HOWELL,MI,1,LIVINGSTON
HOXIE,KS,1,SHERIDAN
HUDSON,FL,1,PASCO
HUDSON,NY,1,COLUMBIA
HUDSON,WI,1,ST. CROIX
HUGO,CO,1,LINCOLN
HUGO,OK,2,CHOCTAW
HUGOTON,KS,1,STEVENS
HUMACAO,PR,2,HUMACAO
HUMACAO PUEBLO,PR,1,HUMACAO
HUMBLE,TX,5,HARRIS
HUMBOLDT,IA,1,HUMBOLDT
HUMBOLDT,TN,1,GIBSON
HUMMELSTOWN,PA,1,DAUPHIN
HUNTERSVILLE,NC,1,MECKLENBURG
HUNTINGDON,PA,1,HUNTINGDON
HUNTINGDON,TN,1,CARROLL
HUNTINGTON,IN,1,HUNTINGTON
HUNTINGTON,NY,1,SUFFOLK
HUNTINGTON,WV,7,['WAYNE' 'CABELL']
HUNTINGTON BEACH,CA,1,ORANGE
HUNTINGTON PARK,CA,1,LOS ANGELES
HUNTSVILLE,AL,6,MADISON
HUNTSVILLE,TX,1,WALKER
HURON,SD,1,BEADLE
HURRICANE,WV,1,PUTNAM
HURST,TX,2,TARRANT
HUTCHINSON,KS,2,RENO
HUTCHINSON,MN,1,MCLEOD
HYATTSVILLE,MD,1,PRINCE GEORGE'S
HYDEN,KY,1,LESLIE
IDA GROVE,IA,1,IDA
IDABEL,OK,1,MCCURTAIN
IDAHO FALLS,ID,2,BONNEVILLE
ILWACO,WA,1,PACIFIC
IMPERIAL,NE,1,CHASE
INCLINE VILLAGE,NV,1,WASHOE
INDEPENDENCE,IA,2,BUCHANAN
INDEPENDENCE,KS,1,MONTGOMERY
INDEPENDENCE,LA,1,TANGIPAHOA
INDEPENDENCE,MO,1,JACKSON
INDIANA,PA,1,INDIANA
INDIANAPOLIS,IN,25,['MARION' 'HAMILTON' 'MADISON']
INDIANOLA,MS,1,SUNFLOWER
INDIO,CA,2,RIVERSIDE
INGLEWOOD,CA,1,LOS ANGELES
INTERNATIONAL FALLS,MN,1,KOOCHICHING
INVERNESS,FL,1,CITRUS
IOLA,KS,2,ALLEN
IONIA,MI,2,IONIA
IOWA CITY,IA,3,JOHNSON
IOWA FALLS,IA,2,HARDIN
IRAAN,TX,1,PECOS
IRON MOUNTAIN,MI,2,DICKINSON
IRON RIVER,MI,1,IRON
IRONWOOD,MI,1,GOGEBIC
IRVINE,CA,3,ORANGE
IRVINE,KY,1,ESTILL
IRVING,NY,1,CHAUTAUQUA
IRVING,TX,3,DALLAS
ISHPEMING,MI,1,MARQUETTE
ISSAQUAH,WA,2,KING
ITHACA,NY,1,TOMPKINS
IUKA,MS,1,TISHOMINGO
JACKSBORO,TX,2,JACK
JACKSON,AL,1,CLARKE
JACKSON,CA,1,AMADOR
JACKSON,GA,1,BUTTS
JACKSON,KY,1,BREATHITT
JACKSON,LA,3,EAST FELICIANA
JACKSON,MI,2,JACKSON
JACKSON,MN,1,JACKSON
JACKSON,MS,10,['HINDS' 'RANKIN']
JACKSON,OH,1,JACKSON
JACKSON,TN,3,MADISON
JACKSON,WY,1,TETON
JACKSONVILLE,AL,1,CALHOUN
JACKSONVILLE,AR,1,PULASKI
JACKSONVILLE,FL,14,DUVAL
JACKSONVILLE,IL,1,MORGAN
JACKSONVILLE,NC,2,ONSLOW
JACKSONVILLE,TX,2,CHEROKEE
JACKSONVILLE BEACH,FL,1,DUVAL
JAMAICA,NY,3,QUEENS
JAMAICA PLAIN,MA,1,SUFFOLK
JAMESTOWN,ND,2,STUTSMAN
JAMESTOWN,NY,2,CHAUTAUQUA
JAMESTOWN,TN,1,FENTRESS
JANESVILLE,WI,2,ROCK
JASPER,AL,1,WALKER
JASPER,GA,1,PICKENS
JASPER,IN,1,DUBOIS
JASPER,TN,1,MARION
JASPER,TX,1,JASPER
JAY,FL,1,SANTA ROSA
JEANETTE,PA,1,WESTMORELAND
JEFFERSON,IA,1,GREENE
JEFFERSON,NC,1,ASHE
JEFFERSON CITY,MO,3,COLE
JEFFERSON CITY,TN,1,JEFFERSON
JEFFERSONVILLE,IN,2,CLARK
JELLICO,TN,1,CAMPBELL
JENA,LA,1,LA SALLE
JENNINGS,LA,4,JEFFERSON DAVIS
JEROME,ID,1,JEROME
JERSEY CITY,NJ,2,HUDSON
JERSEY SHORE,PA,1,LYCOMING
JERSEYVILLE,IL,1,JERSEY
JESSUP,MD,1,HOWARD
JESUP,GA,1,WAYNE
JETMORE,KS,1,HODGEMAN
JOHN DAY,OR,1,GRANT
JOHNS CREEK,GA,1,FULTON
JOHNSON,KS,1,STANTON
JOHNSON CITY,NY,1,BROOME
JOHNSON CITY,TN,6,WASHINGTON
JOHNSTOWN,CO,3,LARIMER
JOHNSTOWN,PA,3,CAMBRIA
JOLIET,IL,1,WILL
JONESBORO,AR,6,CRAIGHEAD
JONESBORO,LA,1,JACKSON
JOPLIN,MO,5,['JASPER' 'NEWTON']
JORDAN,MT,1,GARFIELD
JOSHUA TREE,CA,1,SAN BERNARDINO
JOURDANTON,TX,1,ATASCOSA
JULESBURG,CO,1,SEDGWICK
JUNCTION,TX,1,KIMBLE
JUNCTION CITY,KS,1,GEARY
JUNCTION CITY,OR,1,LANE
JUNEAU,AK,1,JUNEAU
JUPITER,FL,1,PALM BEACH
KAHUKU,HI,1,HONOLULU
KAILUA,HI,1,HONOLULU
KALAMAZOO,MI,2,KALAMAZOO
KALISPELL,MT,2,FLATHEAD
KALKASKA,MI,1,KALKASKA
KAMUELA,HI,1,HAWAII
KANAB,UT,1,KANE
KANE,PA,1,MCKEAN
KANEOHE,HI,1,HONOLULU
KANKAKEE,IL,2,KANKAKEE
KANSAS CITY,KS,4,WYANDOTTE
KANSAS CITY,MO,17,['JACKSON' 'CLAY' 'PLATTE']
KAPAA,HI,1,KAUAI
KAPAAU,HI,1,HAWAII
KAPLAN,LA,1,VERMILION
KATONAH,NY,1,WESTCHESTER
KATY,TX,4,HARRIS
KAUFMAN,TX,1,KAUFMAN
KAUNAKAKAI,HI,1,MAUI
KEALAKEKUA,HI,1,HAWAII
KEARNEY,NE,3,BUFFALO
KEARNY,NJ,1,HUDSON
KEENE,NH,1,CHESHIRE
KELLER,TX,1,TARRANT
KELLOGG,ID,1,SHOSHONE
KEMMERER,WY,1,LINCOLN
KENANSVILLE,NC,1,DUPLIN
KENDALLVILLE,IN,1,NOBLE
KENEDY,TX,1,KARNES
KENMARE,ND,1,WARD
KENNER,LA,5,JEFFERSON
KENNESAW,GA,1,COBB
KENNETT,MO,1,DUNKLIN
KENNEWICK,WA,1,BENTON
KENOSHA,WI,2,KENOSHA
KENTFIELD,CA,1,MARIN
KENTON,OH,1,HARDIN
KENTWOOD,LA,2,TANGIPAHOA
KEOKUK,IA,1,LEE
KEOSAUQUA,IA,1,VAN BUREN
KERMIT,TX,1,WINKLER
KERNERSVILLE,NC,1,FORSYTH
KERRVILLE,TX,3,KERR
KETCHIKAN,AK,1,KETCHIKAN GATEWAY
KETCHUM,ID,1,BLAINE
KETTERING,OH,1,MONTGOMERY
KEWANEE,IL,1,HENRY
KEY WEST,FL,2,MONROE
KEYSER,WV,1,MINERAL
KILGORE,TX,1,GREGG
KILLEEN,TX,1,BELL
KILLEN,TX,1,BELL
KILMARNOCK,VA,1,LANCASTER
KILMICHAEL,MS,1,MONTGOMERY
KIMBALL,NE,1,KIMBALL
KINDER,LA,1,ALLEN
KING CITY,CA,1,MONTEREY
KINGFISHER,OK,1,KINGFISHER
KINGMAN,AZ,2,MOHAVE
KINGMAN,KS,1,KINGMAN
KINGS MOUNTAIN,NC,2,CLEVELAND
KINGSPORT,TN,3,SULLIVAN
KINGSTON,NY,2,ULSTER
KINGSTON,PA,1,LUZERNE
KINGSTREE,SC,1,WILLIAMSBURG
KINGSVILLE,TX,1,KLEBERG
KINGWOOD,TX,3,HARRIS
KINGWOOD,WV,2,PRESTON
KINSLEY,KS,1,EDWARDS
KINSTON,NC,1,LENOIR
KIOWA,KS,2,BARBER
KIRKLAND,WA,3,KING
KIRKSVILLE,MO,1,ADAIR
KISSIMMEE,FL,3,OSCEOLA
KITTANNING,PA,1,ARMSTRONG
KLAMATH FALLS,OR,1,KLAMATH
KNOX,IN,1,STARKE
KNOX CITY,TX,1,KNOX
KNOXVILLE,IA,2,MARION
KNOXVILLE,TN,11,KNOX
KODIAK,AK,1,KODIAK ISLAND
KOKOMO,IN,3,HOWARD
KOROR,PW,1,NOT AVAILABLE
KOSCIUSKO,MS,1,ATTALA
KOTZEBUE,AK,1,NORTHWEST ARCTIC
KREMMLING,CO,1,GRAND
KULA,HI,1,MAUI
KYLE,TX,2,HAYS
L' ANSE,MI,1,BARAGA
LA CROSSE,KS,1,RUSH
LA CROSSE,WI,2,LA CROSSE
LA GRANDE,OR,1,UNION
LA GRANGE,IL,1,COOK
LA GRANGE,TX,1,FAYETTE
LA JARA,CO,1,CONEJOS
LA JOLLA,CA,3,SAN DIEGO
LA JUNTA,CO,1,OTERO
LA MESA,CA,2,SAN DIEGO
LA MIRADA,CA,1,LOS ANGELES
LA PALMA,CA,1,ORANGE
LA PLACE,LA,1,ST. JOHN THE BAPTIST
LA PLATA,MD,1,CHARLES
LA PORTE,IN,1,LAPORTE
LACOMBE,LA,2,ST. TAMMANY
LACONIA,NH,1,BELKNAP
LADYSMITH,WI,1,RUSK
LAFAYETTE,CO,1,BOULDER
LAFAYETTE,IN,6,TIPPECANOE
LAFAYETTE,LA,17,['LAFAYETTE' 'RAPIDES']
LAFAYETTE,TN,1,MACON
LAFOLLETTE,TN,1,CAMPBELL
LAGRANGE,GA,1,TROUP
LAGRANGE,IN,1,LAGRANGE
LAGRANGE,KY,2,OLDHAM
LAGUNA BEACH,CA,1,ORANGE
LAGUNA HILLS,CA,1,ORANGE
LAKE ARROWHEAD,CA,1,SAN BERNARDINO
LAKE BUTLER,FL,2,UNION
LAKE CHARLES,LA,8,CALCASIEU
LAKE CITY,FL,3,COLUMBIA
LAKE CITY,IA,1,CALHOUN
LAKE CITY,MN,1,GOODHUE
LAKE CITY,SC,1,FLORENCE
LAKE FOREST,IL,1,LAKE
LAKE GENEVA,WI,1,WALWORTH
LAKE HAVASU CITY,AZ,1,MOHAVE
LAKE ISABELLA,CA,1,KERN
LAKE JACKSON,TX,1,BRAZORIA
LAKE PLACID,FL,1,HIGHLANDS
LAKE PLACID,NY,1,ESSEX
LAKE PROVIDENCE,LA,1,EAST CARROLL
LAKE ST. LOUIS,MO,1,ST. CHARLES
LAKE VILLAGE,AR,2,CHICOT
LAKE WALES,FL,1,POLK
LAKE WORTH,FL,1,PALM BEACH
LAKELAND,FL,1,POLK
LAKELAND,GA,1,LANIER
LAKEPORT,CA,1,LAKE
LAKESIDE,AZ,1,NAVAJO
LAKEVIEW,MI,1,MONTCALM
LAKEVIEW,OR,1,LAKE
LAKEWAY,TX,1,TRAVIS
LAKEWOOD,CA,1,LOS ANGELES
LAKEWOOD,CO,2,JEFFERSON
LAKEWOOD,NJ,2,OCEAN
LAKEWOOD,OH,1,CUYAHOGA
LAKEWOOD,WA,2,PIERCE
LAKIN,KS,1,KEARNY
LAMAR,CO,1,PROWERS
LAMAR,MO,1,BARTON
LAMESA,TX,1,DAWSON
LAMPASAS,TX,1,LAMPASAS
LANAI CITY,HI,1,MAUI
LANCASTER,CA,1,LOS ANGELES
LANCASTER,KY,1,GARRARD
LANCASTER,NH,1,COOS
LANCASTER,OH,1,FAIRFIELD
LANCASTER,PA,3,LANCASTER
LANCASTER,SC,2,LANCASTER
LANCASTER,TX,1,DALLAS
LANCASTER,WI,1,GRANT
LAND O LAKES,FL,1,PASCO
LANDER,WY,1,FREMONT
LANGDON,ND,1,CAVALIER
LANGHORNE,PA,4,BUCKS
LANHAM,MD,1,PRINCE GEORGE'S
LANSDALE,PA,1,MONTGOMERY
LANSING,MI,6,INGHAM
LAPEER,MI,1,LAPEER
LARAMIE,WY,1,ALBANY
LAREDO,TX,6,WEBB
LARGO,FL,3,PINELLAS
LARNED,KS,2,PAWNEE
LAS CRUCES,NM,5,DONA ANA
LAS VAGAS,NV,2,CLARK
LAS VEGAS,NM,2,SAN MIGUEL
LAS VEGAS,NV,29,CLARK
LATROBE,PA,2,WESTMORELAND
LAUDERDALE LAKES,FL,2,BROWARD
LAUREL,MD,1,PRINCE GEORGE'S
LAUREL,MS,1,JONES
LAURINBURG,NC,1,SCOTLAND
LAURIUM,MI,1,HOUGHTON
LAVEEN,AZ,1,MARICOPA
LAVONIA,GA,1,FRANKLIN
LAWRENCE,KS,1,DOUGLAS
LAWRENCE,MA,1,ESSEX
LAWRENCEBURG,IN,2,DEARBORN
LAWRENCEBURG,TN,1,LAWRENCE
LAWRENCEVILLE,GA,2,GWINNETT
LAWRENCEVILLE,IL,1,LAWRENCE
LAWRENCEVILLE,NJ,1,MERCER
LAWTON,OK,4,COMANCHE
LAYTON,UT,1,DAVIS
LE MARS,IA,1,PLYMOUTH
LEADVILLE,CO,1,LAKE
LEAGUE CITY,TX,1,GALVESTON
LEAKESVILLE,MS,1,GREENE
LEAVENWORTH,KS,3,LEAVENWORTH
LEAVENWORTH,WA,1,CHELAN
LEAWOOD,KS,2,JOHNSON
LEBANON,IN,1,BOONE
LEBANON,KY,1,MARION
LEBANON,MO,1,LACLEDE
LEBANON,NH,2,GRAFTON
LEBANON,OH,1,WARREN
LEBANON,OR,1,LINN
LEBANON,PA,2,LEBANON
LEBANON,TN,2,WILSON
LEBANON,VA,1,RUSSELL
LEE'S SUMMIT,MO,2,JACKSON
LEEDS,MA,1,HAMPSHIRE
LEESBURG,FL,4,LAKE
LEESBURG,VA,2,LOUDOUN
LEESVILLE,LA,4,VERNON
LEHI,UT,1,UTAH
LEHIGH ACRES,FL,1,LEE
LEHIGHTON,PA,1,CARBON
LEICESTER,MA,1,WORCESTER
LEITCHFIELD,KY,1,GRAYSON
LELAND,NC,1,BEAUFORT
LEMOORE,CA,1,KINGS
LENEXA,KS,2,JOHNSON
LENOIR,NC,1,CALDWELL
LENOIR CITY,TN,1,LOUDON
LEOMINSTER,MA,1,WORCESTER
LEON,IA,1,DECATUR
LEONARDTOWN,MD,1,ST. MARY'S
LEOTI,KS,1,WICHITA
LESUEUR,MN,1,LE SUEUR
LEVELLAND,TX,1,HOCKLEY
LEWES,DE,1,SUSSEX
LEWISBURG,PA,1,UNION
LEWISBURG,TN,1,MARSHALL
LEWISTON,ID,1,NEZ PERCE
LEWISTON,ME,2,ANDROSCOGGIN
LEWISTON,NY,1,NIAGARA
LEWISTOWN,MT,1,FERGUS
LEWISTOWN,PA,1,MIFFLIN
LEWISVILLE,TX,1,DENTON
LEXINGTON,KY,11,FAYETTE
LEXINGTON,MO,1,LAFAYETTE
LEXINGTON,MS,1,HOLMES
LEXINGTON,NC,1,DAVIDSON
LEXINGTON,NE,1,DAWSON
LEXINGTON,TN,1,HENDERSON
LEXINGTON,VA,1,LEXINGTON
LIBBY,MT,1,LINCOLN
LIBERAL,KS,1,SEWARD
LIBERTY,KY,1,CASEY
LIBERTY,MO,1,CLAY
LIBERTY,TX,1,LIBERTY
LIBERTYVILLE,IL,1,LAKE
LIHUE,HI,1,KAUAI
LIMA,OH,4,ALLEN
LIMESTONE,ME,1,AROOSTOOK
LINCOLN,IL,1,LOGAN
LINCOLN,KS,1,LINCOLN
LINCOLN,ME,1,PENOBSCOT
LINCOLN,NE,8,LANCASTER
LINCOLN CITY,OR,1,LINCOLN
LINCOLN PARK,MI,1,WAYNE
LINCOLNTON,NC,1,LINCOLN
LINDEN,TN,1,PERRY
LINDEN,TX,1,CASS
LINDSAY,OK,1,GARVIN
LINDSBORG,KS,1,MCPHERSON
LINTON,IN,1,GREENE
LINTON,ND,1,EMMONS
LINVILLE,NC,1,AVERY
LISBON,ND,1,RANSOM
LITCHFIELD,IL,1,MONTGOMERY
LITCHFIELD,MN,1,MEEKER
LITHONIA,GA,1,DEKALB
LITITZ,PA,1,LANCASTER
LITTLE FALLS,MN,1,MORRISON
LITTLE FALLS,NY,1,HERKIMER
LITTLE RIVER,SC,1,HORRY
LITTLE ROCK,AR,15,PULASKI
LITTLEFIELD,TX,1,LAMB
LITTLETON,CO,4,['DOUGLAS' 'ARAPAHOE']
LITTLETON,NH,1,GRAFTON
LIVE OAK,FL,1,SUWANNEE
LIVE OAK,TX,1,BEXAR
LIVERMORE,CA,2,ALAMEDA
LIVINGSTON,MT,2,PARK
LIVINGSTON,NJ,1,ESSEX
LIVINGSTON,TN,1,OVERTON
LIVINGSTON,TX,1,POLK
LIVONIA,MI,1,WAYNE
LLANO,TX,1,LLANO
LOCK HAVEN,PA,1,CLINTON
LOCKNEY,TX,1,FLOYD
LOCKPORT,NY,1,NIAGARA
LODI,CA,2,SAN JOAQUIN
LODI,OH,1,MEDINA
LOGAN,OH,1,HOCKING
LOGAN,UT,1,CACHE
LOGAN,WV,1,LOGAN
LOGANSPORT,IN,3,CASS
LOMA LINDA,CA,5,SAN BERNARDINO
LOMPOC,CA,3,SANTA BARBARA
LONDON,KY,1,LAUREL
LONDON,OH,1,MADISON
LONE PINE,CA,1,INYO
LONE TREE,CO,1,DOUGLAS
LONG BEACH,CA,9,LOS ANGELES
LONG BEACH,NY,1,NASSAU
LONG BRANCH,NJ,2,MONMOUTH
LONG ISLAND CITY,NY,1,QUEENS
LONG PRAIRIE,MN,1,TODD
LONGMONT,CO,1,BOULDER
LONGVIEW,TX,5,GREGG
LONGVIEW,WA,2,COWLITZ
LONGWOOD,FL,1,SEMINOLE
LORAIN,OH,2,LORAIN
LORIS,SC,1,HORRY
LOS ALAMITOS,CA,1,ORANGE
LOS ALAMOS,NM,1,LOS ALAMOS
LOS ANGELES,CA,34,LOS ANGELES
LOS BANOS,CA,1,MERCED
LOS GATOS,CA,2,SANTA CLARA
LOUISA,KY,1,LAWRENCE
LOUISBURG,NC,1,FRANKLIN
LOUISIANA,MO,1,PIKE
LOUISVILLE,CO,2,BOULDER
LOUISVILLE,GA,1,JEFFERSON
LOUISVILLE,KY,17,JEFFERSON
LOUISVILLE,MS,2,WINSTON
LOUISVILLE,TN,1,BLOUNT
LOUSVILLE,MS,1,WINSTON
LOVELAND,CO,2,LARIMER
LOVELL,WY,1,BIG HORN
LOVELOCK,NV,1,PERSHING
LOVINGTON,NM,1,LEA
LOW MOOR,VA,1,ALLEGHANY
LOWELL,MA,3,MIDDLESEX
LOWVILLE,NY,1,LEWIS
LOXAHATCHEE,FL,1,PALM BEACH
LOYALTON,CA,1,SIERRA
LUBBOCK,TX,10,LUBBOCK
LUCEDALE,MS,1,GEORGE
LUDINGTON,MI,1,MASON
LUDLOW,MA,1,HAMPDEN
LUFKIN,TX,4,ANGELINA
LULING,LA,1,ST. CHARLES
LULING,TX,2,CALDWELL
LUMBERTON,NC,1,ROBESON
LUMBERTON,TX,1,HARDIN
LURAY,VA,1,PAGE
LUSK,WY,1,NIOBRARA
LUTCHER,LA,2,ST. JAMES
LUTZ,FL,2,['HILLSBOROUGH' 'PASCO']
LUVERNE,AL,2,CRENSHAW
LUVERNE,MN,1,ROCK
LYNCH,NE,1,BOYD
LYNCHBURG,VA,3,LYNCHBURG
LYNN,MA,2,ESSEX
LYNWOOD,CA,1,LOS ANGELES
LYONS,KS,1,RICE
LYONS,NJ,1,SOMERSET
MACCLENNY,FL,2,BAKER
MACHIAS,ME,1,WASHINGTON
MACOMB,IL,1,MCDONOUGH
MACON,GA,8,BIBB
MACON,MO,1,MACON
MACON,MS,1,NOXUBEE
MADELIA,MN,1,WATONWAN
MADERA,CA,2,MADERA
MADILL,OK,1,MARSHALL
MADISON,AL,1,MADISON
MADISON,FL,1,MADISON
MADISON,GA,1,MORGAN
MADISON,IN,3,JEFFERSON
MADISON,MN,1,LAC QUI PARLE
MADISON,SD,2,LAKE
MADISON,TN,1,DAVIDSON
MADISON,WI,8,DANE
MADISON,WV,1,BOONE
MADISON HEIGHTS,MI,2,OAKLAND
MADISONVILLE,KY,1,HOPKINS
MADISONVILLE,TX,1,MADISON
MADRAS,OR,1,JEFFERSON
MAGEE,MS,1,SIMPSON
MAGNOLIA,AR,1,COLUMBIA
MAGNOLIA,MS,1,PIKE
MAHNOMEN,MN,1,MAHNOMEN
MAITLAND,FL,1,ORANGE
MALAD CITY,ID,1,ONEIDA
MALONE,NY,1,FRANKLIN
MALTA,MT,1,PHILLIPS
MALVERN,AR,2,HOT SPRING
MALVERN,PA,2,CHESTER
MAMMOTH LAKES,CA,1,MONO
MAMOU,LA,1,EVANGELINE
MANAHAWKIN,NJ,1,OCEAN
MANASSAS,VA,1,MANASSAS
MANATI,PR,3,MANATI
MANATI PUEBLO,PR,1,MANATI
MANCHESTER,CT,1,HARTFORD
MANCHESTER,IA,1,DELAWARE
MANCHESTER,KY,1,CLAY
MANCHESTER,NH,4,HILLSBOROUGH
MANCHESTER,TN,2,COFFEE
MANDAN,ND,1,MORTON
MANDEVILLE,LA,1,ST. TAMMANY
MANGUM,OK,1,GREER
MANHASSET,NY,1,NASSAU
MANHATTAN,KS,2,RILEY
MANISTEE,MI,1,MANISTEE
MANISTIQUE,MI,2,SCHOOLCRAFT
MANITOWOC,WI,1,MANITOWOC
MANKATO,KS,1,JEWELL
MANKATO,MN,1,BLUE EARTH
MANNING,IA,2,CARROLL
MANNING,SC,1,CLARENDON
MANSFIELD,LA,1,DE SOTO
MANSFIELD,OH,3,RICHLAND
MANSFIELD,TX,3,TARRANT
MANSFIELD CENTER,CT,1,TOLLAND
MANTECA,CA,2,SAN JOAQUIN
MANY,LA,1,SABINE
MAPLE GROVE,MN,1,HENNEPIN
MAQUOKETA,IA,1,JACKSON
MARATHON,FL,1,MONROE
MARBLE FALLS,TX,1,BURNET
MARCY,NY,1,ONEIDA
MARENGO,IA,1,IOWA
MARGARETVILLE,NY,1,DELAWARE
MARGATE,FL,1,BROWARD
MARIANNA,FL,1,JACKSON
MARIETTA,GA,2,COBB
MARIETTA,OH,2,WASHINGTON
MARIETTA,OK,1,LOVE
MARINA DEL REY,CA,1,LOS ANGELES
MARINETTE,WI,1,MARINETTE
MARION,IL,2,WILLIAMSON
MARION,IN,3,GRANT
MARION,KS,1,MARION
MARION,KY,1,CRITTENDEN
MARION,NC,1,MCDOWELL
MARION,OH,1,MARION
MARION,VA,3,SMYTH
MARIPOSA,CA,1,MARIPOSA
MARKS,MS,1,QUITMAN
MARKSVILLE,LA,1,AVOYELLES
MARLBOROUGH,MA,1,MIDDLESEX
MARLETTE,MI,1,SANILAC
MARLIN,TX,1,FALLS
MARLTON,NJ,3,BURLINGTON
MARQUETTE,MI,1,MARQUETTE
MARRERO,LA,2,JEFFERSON
MARSHALL,MI,1,CALHOUN
MARSHALL,MN,1,LYON
MARSHALL,MO,1,SALINE
MARSHALL,TX,1,HARRISON
MARSHALLTOWN,IA,1,MARSHALL
MARSHFIELD,WI,2,WOOD
MARTIN,KY,1,FLOYD
MARTIN,SD,1,BENNETT
MARTIN,TN,2,WEAKLEY
MARTINEZ,CA,2,CONTRA COSTA
MARTINS FERRY,OH,1,BELMONT
MARTINSBURG,WV,2,BERKELEY
MARTINSVILLE,IN,1,MORGAN
MARTINSVILLE,VA,1,MARTINSVILLE
MARYLAND HEIGHTS,MO,1,ST. LOUIS
MARYSVILLE,CA,1,YUBA
MARYSVILLE,KS,1,MARSHALL
MARYSVILLE,OH,1,UNION
MARYSVILLE,WA,1,SNOHOMISH
MARYVILLE,IL,1,MADISON
MARYVILLE,MO,1,NODAWAY
MARYVILLE,TN,1,BLOUNT
MASON,OH,2,WARREN
MASON CITY,IA,2,CERRO GORDO
MASSENA,NY,1,ST. LAWRENCE
MASSILLON,OH,3,STARK
MATHER,CA,1,SACRAMENTO
MATTHEWS,NC,1,MECKLENBURG
MATTOON,IL,1,COLES
MAUMEE,OH,2,LUCAS
MAUMELLE,AR,1,PULASKI
MAUSTON,WI,1,JUNEAU
MAYAGUEZ,PR,5,MAYAGUEZ
MAYFIELD,KY,1,GRAVES
MAYFIELD HEIGHTS,OH,1,CUYAHOGA
MAYS LANDING,NJ,1,ATLANTIC
MAYSVILLE,KY,1,MASON
MAYVILLE,ND,1,TRAILL
MAYWOOD,IL,1,COOK
MC GEHEE,AR,1,DESHA
MC KENZIE,TN,1,CARROLL
MC MINNVILLE,TN,1,WARREN
MCALESTER,OK,2,PITTSBURG
MCALLEN,TX,6,HIDALGO
MCCALL,ID,1,VALLEY
MCCAMEY,TX,1,UPTON
MCCLEARY,WA,1,GRAYS HARBOR
MCCOMB,MS,1,PIKE
MCCONNELLSBURG,PA,1,FULTON
MCCOOK,NE,1,RED WILLOW
MCDOWELL,KY,1,FLOYD
MCHENRY,IL,1,MCHENRY
MCKEES ROCKS,PA,1,ALLEGHENY
MCKEESPORT,PA,2,ALLEGHENY
MCKINNEY,TX,5,COLLIN
MCLAUGHLIN,SD,1,CORSON
MCLEANSBORO,IL,1,HAMILTON
MCMINNVILLE,OR,1,YAMHILL
MCPHERSON,KS,1,MCPHERSON
MCVILLE,ND,1,NELSON
MEADE,KS,1,MEADE
MEADOWBROOK,PA,1,MONTGOMERY
MEADVILLE,MS,1,FRANKLIN
MEADVILLE,PA,1,CRAWFORD
MECHANICSBURG,PA,2,CUMBERLAND
MECHANICSVILLE,VA,2,HANOVER
MEDFORD,MA,1,MIDDLESEX
MEDFORD,OR,2,JACKSON
MEDFORD,WI,2,TAYLOR
MEDIA,PA,1,DELAWARE
MEDICAL LAKE,WA,1,SPOKANE
MEDICINE LODGE,KS,1,BARBER
MEDINA,NY,1,ORLEANS
MEDINA,OH,1,MEDINA
MEEKER,CO,1,RIO BLANCO
MELBOURNE,FL,6,BREVARD
MELROSE,MA,1,MIDDLESEX
MELROSE,MN,1,STEARNS
MELROSE PARK,IL,2,COOK
MEMPHIS,MO,1,SCOTLAND
MEMPHIS,TN,18,SHELBY
MENA,AR,1,POLK
MENDENHALL,MS,1,SIMPSON
MENDOTA,IL,2,LA SALLE
MENLO PARK,CA,2,SAN MATEO
MENOMONEE FALLS,WI,1,WAUKESHA
MENOMONIE,WI,1,DUNN
MEQUON,WI,2,OZAUKEE
MERCED,CA,2,MERCED
MERIDEN,CT,1,NEW HAVEN
MERIDIAN,ID,2,ADA
MERIDIAN,MS,7,LAUDERDALE
MERRILL,WI,1,LINCOLN
MERRILLVILLE,IN,2,LAKE
MESA,AZ,8,MARICOPA
MESCALERO,NM,1,OTERO
MESQUITE,NV,1,CLARK
MESQUITE,TX,3,DALLAS
METAIRIE,LA,4,JEFFERSON
METHUEN,MA,1,ESSEX
METROPOLIS,IL,1,MASSAC
METTER,GA,1,CANDLER
MEXIA,TX,1,LIMESTONE
MEXICO,MO,1,AUDRAIN
MEYERSDALE,PA,1,SOMERSET
MIAMI,FL,22,MIAMI-DADE
MIAMI,OK,2,OTTAWA
MIAMI BEACH,FL,1,MIAMI-DADE
MIAMI LAKES,FL,1,MIAMI-DADE
MIAMISBURG,OH,2,MONTGOMERY
MICHIGAN CITY,IN,1,LAPORTE
MIDDLE POINT,OH,1,VAN WERT
MIDDLEBOROUGH,MA,2,PLYMOUTH
MIDDLEBURG,FL,1,CLAY
MIDDLEBURG HEIGHTS,OH,2,CUYAHOGA
MIDDLEBURY,VT,1,ADDISON
MIDDLESBORO,KY,1,BELL
MIDDLETOWN,CT,1,MIDDLESEX
MIDDLETOWN,DE,1,NEW CASTLE
MIDDLETOWN,NY,1,ORANGE
MIDDLETOWN,OH,1,BUTLER
MIDLAND,MI,1,MIDLAND
MIDLAND,TX,5,MIDLAND
MIDLOTHIAN,VA,3,CHESTERFIELD
MIDVALE,UT,1,SALT LAKE
MIDWEST CITY,OK,2,OKLAHOMA
MILAN,MO,1,SULLIVAN
MILAN,TN,1,GIBSON
MILBANK,SD,1,GRANT
MILES CITY,MT,1,CUSTER
MILFORD,CT,1,NEW HAVEN
MILFORD,DE,1,SUSSEX
MILFORD,MA,1,WORCESTER
MILFORD,NH,1,HILLSBOROUGH
MILFORD,UT,1,BEAVER
MILLEDGEVILLE,GA,2,BALDWIN
MILLEN,GA,1,JENKINS
MILLER,SD,1,HAND
MILLERSBURG,OH,1,HOLMES
MILLINOCKET,ME,1,PENOBSCOT
MILTON,FL,2,SANTA ROSA
MILTON,MA,1,NORFOLK
MILWAUKEE,WI,11,MILWAUKEE
MILWAUKIE,OR,1,CLACKAMAS
MINDEN,LA,1,WEBSTER
MINDEN,NE,1,KEARNEY
MINDEN,NV,1,DOUGLAS
MINEOLA,NY,1,NASSAU
MINERAL WELLS,TX,1,PALO PINTO
MINNEAPOLIS,KS,1,OTTAWA
MINNEAPOLIS,MN,7,HENNEPIN
MINNEOLA,KS,1,CLARK
MINOT,ND,2,WARD
MIRADERO,PR,1,MAYAGUEZ
MIRAMAR,FL,1,BROWARD
MIRAMAR BEACH,FL,1,WALTON
MISHAWAKA,IN,5,['ST. JOSEPH' 'ST JOSEPH']
MISSION,TX,1,HIDALGO
MISSION HILLS,CA,1,LOS ANGELES
MISSION VIEJO,CA,2,ORANGE
MISSOULA,MT,2,MISSOULA
MISSOURI VALLEY,IA,1,HARRISON
MITCHELL,SD,1,DAVISON
MOAB,UT,1,GRAND
MOBERLY,MO,1,RANDOLPH
MOBILE,AL,7,MOBILE
MOBRIDGE,SD,1,WALWORTH
MOCA,PR,1,MOCA
MOCKSVILLE,NC,1,DAVIE
MODESTO,CA,7,STANISLAUS
MOLINE,IL,1,ROCK ISLAND
MONACILLO URBANO,PR,11,SAN JUAN
MONAHANS,TX,1,WARD
MONETT,MO,1,BARRY
MONMOUTH,IL,1,WARREN
MONONGAHELA,PA,1,WASHINGTON
MONROE,GA,2,WALTON
MONROE,LA,7,OUACHITA
MONROE,MI,1,MONROE
MONROE,NC,1,UNION
MONROE,WA,2,SNOHOMISH
MONROE,WI,1,GREEN
MONROEVILLE,AL,1,MONROE
MONROEVILLE,PA,3,ALLEGHENY
MONROVIA,CA,1,LOS ANGELES
MONTCLAIR,CA,1,SAN BERNARDINO
MONTCLAIR,NJ,1,ESSEX
MONTEBELLO,CA,1,LOS ANGELES
MONTEREY,CA,1,MONTEREY
MONTEREY PARK,CA,2,LOS ANGELES
MONTEVIDEO,MN,1,CHIPPEWA
MONTEZUMA,GA,1,MACON
MONTGOMERY,AL,8,['MONGOMERY' 'MONTGOMERY']
MONTGOMERY,WV,1,FAYETTE
MONTICELLO,AR,1,DREW
MONTICELLO,GA,1,JASPER
MONTICELLO,IL,2,PIATT
MONTICELLO,IN,1,WHITE
MONTICELLO,KY,1,WAYNE
MONTICELLO,MN,1,WRIGHT
MONTICELLO,MS,1,LAWRENCE
MONTICELLO,UT,1,SAN JUAN
MONTOUR FALLS,NY,1,SCHUYLER
MONTPELIER,ID,1,BEAR LAKE
MONTPELIER,OH,1,WILLIAMS
MONTROSE,CO,1,MONTROSE
MONTROSE,NY,1,WESTCHESTER
MONTROSE,PA,2,SUSQUEHANNA
MOORESVILLE,IN,1,MORGAN
MOORESVILLE,NC,1,IREDELL
MOOSE LAKE,MN,1,CARLTON
MORA,MN,1,KANABEC
MOREHEAD,KY,1,ROWAN
MOREHEAD CITY,NC,1,CARTERET
MORENO VALLEY,CA,2,RIVERSIDE
MORGAN CITY,LA,1,ST. MARY
MORGANFIELD,KY,1,UNION
MORGANTON,NC,1,BURKE
MORGANTOWN,WV,3,MONONGALIA
MORRILTON,AR,1,CONWAY
MORRIS,IL,1,GRUNDY
MORRIS,MN,1,STEVENS
MORRIS PLAINS,NJ,1,MORRIS
MORRISON,IL,1,WHITESIDE
MORRISTOWN,NJ,3,MORRIS
MORRISTOWN,TN,2,HAMBLEN
MORRISVILLE,VT,1,LAMOILLE
MORTON,MS,1,SCOTT
MORTON,TX,1,COCHRAN
MORTON,WA,1,LEWIS
MOSCOW,ID,1,LATAH
MOSES LAKE,WA,1,GRANT
MOSS BEACH,CA,1,SAN MATEO
MOULTON,AL,1,LAWRENCE
MOULTRIE,GA,2,COLQUITT
MOUNDRIDGE,KS,1,MCPHERSON
MOUNT AIRY,NC,1,SURRY
MOUNT AYR,IA,2,RINGGOLD
MOUNT CARMEL,IL,1,WABASH
MOUNT CLEMENS,MI,3,MACOMB
MOUNT GILEAD,OH,1,MORROW
MOUNT HOLLY,NJ,1,BURLINGTON
MOUNT KISCO,NY,1,WESTCHESTER
MOUNT PLEASANT,IA,2,HENRY
MOUNT PLEASANT,MI,1,ISABELLA
MOUNT PLEASANT,PA,1,WESTMORELAND
MOUNT PLEASANT,SC,2,CHARLESTON
MOUNT PLEASANT,TX,1,TITUS
MOUNT PLEASANT,UT,1,SANPETE
MOUNT SHASTA,CA,1,SISKIYOU
MOUNT VERNON,IL,2,JEFFERSON
MOUNT VERNON,MO,1,LAWRENCE
MOUNT VERNON,NY,1,WESTCHESTER
MOUNT VERNON,OH,1,KNOX
MOUNT VERNON,TX,1,FRANKLIN
MOUNTAIN CITY,TN,1,JOHNSON
MOUNTAIN HOME,AR,1,BAXTER
MOUNTAIN HOME,ID,1,ELMORE
MOUNTAIN HOME,TN,1,WASHINGTON
MOUNTAIN VIEW,AR,1,STONE
MOUNTAIN VIEW,CA,1,SANTA CLARA
MOUNTAIN VIEW,MO,1,HOWELL
MOUNTAINSIDE,NJ,1,UNION
MT GRETNA,PA,1,LEBANON
MT PLEASANT,SC,1,CHARLESTON
MT VERNON,KY,1,ROCKCASTLE
MT VERNON,WA,1,SKAGIT
MT. STERLING,KY,1,MONTGOMERY
MT. VERNON,IL,1,JEFFERSON
MUENSTER,TX,1,COOKE
MULESHOE,TX,1,BAILEY
MULLINS,SC,1,MARION
MUNCIE,IN,3,DELAWARE
MUNCY,PA,1,LYCOMING
MUNISING,MI,1,ALGER
MUNSTER,IN,2,LAKE
MURFREESBORO,AR,1,PIKE
MURFREESBORO,TN,4,RUTHERFORD
MURPHY,NC,1,CHEROKEE
MURPHY,TX,1,COLLIN
MURPHYSBORO,IL,1,JACKSON
MURRAY,KY,1,CALLOWAY
MURRAY,UT,3,SALT LAKE
MURRELLS INLET,SC,1,GEORGETOWN
MURRIETA,CA,2,RIVERSIDE
MUSCATINE,IA,1,MUSCATINE
MUSCLE SHOALS,AL,1,COLBERT
MUSKEGON,MI,3,MUSKEGON
MUSKOGEE,OK,4,MUSKOGEE
MYRTLE BEACH,SC,1,HORRY
N CHARLESTON,SC,1,CHARLESTON
NACOGDOCHES,TX,3,NACOGDOCHES
NAGS HEAD,NC,1,DARE
NAMPA,ID,1,CANYON
NANTICOKE,PA,1,LUZERNE
NANTUCKET,MA,1,NANTUCKET
NAPA,CA,2,NAPA
NAPERVILLE,IL,2,DUPAGE
NAPLES,FL,6,COLLIER
NAPOLEON,OH,1,HENRY
NAPOLEONVILLE,LA,1,ASSUMPTION
NASHUA,NH,4,HILLSBOROUGH
NASHVILLE,AR,2,HOWARD
NASHVILLE,GA,1,BERRIEN
NASHVILLE,IL,1,WASHINGTON
NASHVILLE,TN,13,DAVIDSON
NASSAU BAY,TX,1,HARRIS
NASSAWADOX,VA,1,NORTHAMPTON
NATCHEZ,MS,2,ADAMS
NATCHITOCHES,LA,2,NATCHITOCHES
NATICK,MA,1,MIDDLESEX
NATIONAL CITY,CA,1,SAN DIEGO
NATRONA HEIGHTS,PA,2,ALLEGHENY
NAVASOTA,TX,1,GRIMES
NE SALEM,OR,1,MARION
NEBRASKA CITY,NE,2,OTOE
NEDERLAND,TX,1,JEFFERSON
NEEDHAM,MA,1,NORFOLK
NEEDLES,CA,1,SAN BERNARDINO
NEENAH,WI,2,WINNEBAGO
NEILLSVILLE,WI,1,CLARK
NELIGH,NE,1,ANTELOPE
NELLIS AFB,NV,1,CLARK
NELSONVILLE,OH,1,ATHENS
NEODESHA,KS,1,WILSON
NEOSHO,MO,1,NEWTON
NEPHI,UT,1,JUAB
NEPTUNE,NJ,2,MONMOUTH
NESS CITY,KS,1,NESS
NEVADA,IA,2,STORY
NEVADA,MO,2,VERNON
NEW ALBANY,IN,3,FLOYD
NEW ALBANY,MS,1,UNION
NEW ALBANY,OH,1,FRANKLIN
NEW BEDFORD,MA,2,BRISTOL
NEW BERN,NC,1,CRAVEN
NEW BRAUNFELS,TX,4,COMAL
NEW BRITAIN,CT,2,HARTFORD
NEW BRUNSWICK,NJ,5,MIDDLESEX
NEW CANAAN,CT,1,FAIRFIELD
NEW CASTLE,DE,2,NEW CASTLE
NEW CASTLE,IN,1,HENRY
NEW CASTLE,PA,1,LAWRENCE
NEW HAMPTON,IA,1,CHICKASAW
NEW HAMPTON,NY,1,ORANGE
NEW HAVEN,CT,2,NEW HAVEN
NEW HYDE PARK,NY,1,QUEENS
NEW IBERIA,LA,3,IBERIA
NEW KENT,VA,1,NEW KENT
NEW LENOX,IL,1,WILL
NEW LONDON,CT,1,NEW LONDON
NEW LONDON,NH,1,MERRIMACK
NEW LONDON,WI,1,OUTAGAMIE
NEW MARTINSVILLE,WV,1,WETZEL
NEW MILFORD,CT,1,LITCHFIELD
NEW ORLEANS,LA,19,['JEFFERSON' 'ORLEANS' 'SAINT BERNARD']
NEW PORT RICHEY,FL,2,PASCO
NEW PRAGUE,MN,1,SCOTT
NEW RICHMOND,WI,1,ST. CROIX
NEW ROADS,LA,1,POINTE COUPEE
NEW ROCHELLE,NY,1,WESTCHESTER
NEW SMYRNA BEACH,FL,1,VOLUSIA
NEW ULM,MN,1,BROWN
NEW YORK,NY,27,NEW YORK
NEWARK,DE,2,NEW CASTLE
NEWARK,NJ,6,ESSEX
NEWARK,NY,1,WAYNE
NEWARK,OH,4,LICKING
NEWBERG,OR,1,YAMHILL
NEWBERRY,MI,1,LUCE
NEWBERRY,SC,1,NEWBERRY
NEWBURGH,IN,3,WARRICK
NEWBURGH,NY,1,ORANGE
NEWBURYPORT,MA,1,ESSEX
NEWCASTLE,WY,1,WESTON
NEWFANE,NY,1,NIAGARA
NEWINGTON,CT,1,HARTFORD
NEWNAN,GA,3,COWETA
NEWPORT,AR,1,JACKSON
NEWPORT,OR,1,LINCOLN
NEWPORT,RI,2,NEWPORT
NEWPORT,TN,1,COCKE
NEWPORT,VT,1,ORLEANS
NEWPORT,WA,1,PEND OREILLE
NEWPORT BEACH,CA,2,ORANGE
NEWPORT NEWS,VA,4,NEWPORT NEWS
NEWTON,IA,1,JASPER
NEWTON,KS,2,HARVEY
NEWTON,MA,1,MIDDLESEX
NEWTON,MS,1,NEWTON
NEWTON,NJ,1,SUSSEX
NIAGARA FALLS,NY,1,NIAGARA
NICEVILLE,FL,1,OKALOOSA
NILES,MI,1,BERRIEN
NISKAYUNA,NY,1,SCHENECTADY
NOBLESVILLE,IN,1,HAMILTON
NOCONA,TX,1,MONTAGUE
NOGALES,AZ,1,SANTA CRUZ
NOME,AK,1,NOME
NORCROSS,GA,1,GWINNETT
NORFOLK,NE,3,MADISON
NORFOLK,VA,7,NORFOLK
NORMAL,IL,1,MCLEAN
NORMAN,OK,5,CLEVELAND
NORRISTOWN,PA,5,MONTGOMERY
NORTH ADAMS,MA,1,BERKSHIRE
NORTH BERGEN,NJ,1,HUDSON
NORTH CHARLESTON,SC,2,CHARLESTON
NORTH CHICAGO,IL,1,LAKE
NORTH CONWAY,NH,1,CARROLL
NORTH HORNELL,NY,1,STEUBEN
NORTH KANSAS CITY,MO,2,CLAY
NORTH LAS VEGAS,NV,2,CLARK
NORTH LITTLE ROCK,AR,2,PULASKI
NORTH LOGAN,UT,1,CACHE
NORTH MIAMI,FL,1,MIAMI-DADE
NORTH MIAMI BEACH,FL,1,MIAMI-DADE
NORTH PLATTE,NE,1,LINCOLN
NORTH PROVIDENCE,RI,1,PROVIDENCE
NORTH RICHLAND HILLS,TX,1,TARRANT
NORTH SMITHFIELD,RI,1,PROVIDENCE
NORTH TONAWANDA,NY,1,NIAGARA
NORTH VERNON,IN,1,JENNINGS
NORTH VIEW,GA,1,RICHMOND
NORTH WARREN,PA,1,WARREN
NORTH WILKESBORO,NC,1,WILKES
NORTHAMPTON,MA,2,HAMPSHIRE
NORTHFIELD,MN,1,DAKOTA
NORTHFIELD,OH,1,SUMMIT
NORTHLAKE,IL,1,COOK
NORTHPORT,AL,1,TUSCALOOSA
NORTHPORT,NY,1,SUFFOLK
NORTHRIDGE,CA,1,LOS ANGELES
NORTHWOOD,ND,1,GRAND FORKS
NORTON,KS,1,NORTON
NORTON,VA,2,NORTON
NORWALK,CA,3,LOS ANGELES
NORWALK,CT,1,FAIRFIELD
NORWALK,OH,1,HURON
NORWAY,ME,1,OXFORD
NORWICH,CT,1,NEW LONDON
NORWICH,NY,1,CHENANGO
NORWOOD,MA,1,NORFOLK
NOVATO,CA,1,MARIN
NOVI,MI,1,OAKLAND
NOWATA,OK,1,NOWATA
NYACK,NY,1,ROCKLAND
O'FALLON,MO,1,ST. CHARLES
O'NEILL,NE,1,HOLT
OAK BLUFFS,MA,1,DUKES
OAK FOREST,IL,1,COOK
OAK GROVE,LA,1,WEST CARROLL
OAK HARBOR,WA,1,ISLAND
OAK HILL,WV,1,FAYETTE
OAK LAWN,IL,1,COOK
OAK PARK,IL,2,COOK
OAK RIDGE,TN,1,ANDERSON
OAKDALE,CA,2,STANISLAUS
OAKDALE,LA,1,ALLEN
OAKDALE,PA,1,ALLEGHENY
OAKES,ND,1,DICKEY
OAKLAND,CA,8,ALAMEDA
OAKLAND,MD,1,GARRETT
OAKLAND,NE,1,BURT
OAKLEY,KS,1,LOGAN
OBERLIN,KS,1,DECATUR
OBERLIN,OH,1,LORAIN
OCALA,FL,7,MARION
OCEAN SPRINGS,MS,1,JACKSON
OCEANSIDE,CA,1,SAN DIEGO
OCEANSIDE,NY,1,NASSAU
OCILLA,GA,1,IRWIN
OCOEE,FL,1,ORANGE
OCONOMOWOC,WI,2,WAUKESHA
OCONTO,WI,1,OCONTO
OCONTO FALLS,WI,1,OCONTO
ODESSA,TX,4,ECTOR
ODESSA,WA,1,LINCOLN
OELWEIN,IA,1,FAYETTE
OGALLALA,NE,1,KEITH
OGDEN,UT,2,WEBER
OGDENSBURG,NY,1,ST. LAWRENCE
OJAI,CA,2,VENTURA
OKEECHOBEE,FL,1,OKEECHOBEE
OKEENE,OK,1,BLAINE
OKEMAH,OK,1,OKFUSKEE
OKLAHOMA CITY,OK,24,['OKLAHOMA' 'CLEVELAND']
OKMULGEE,OK,3,OKMULGEE
OLATHE,KS,2,JOHNSON
OLD BRIDGE,NJ,1,MIDDLESEX
OLD ORCHARD BEACH,ME,1,YORK
OLEAN,NY,1,CATTARAUGUS
OLIVE BRANCH,MS,2,DESOTO
OLIVIA,MN,2,RENVILLE
OLLA,LA,1,LA SALLE
OLNEY,IL,1,RICHLAND
OLNEY,MD,1,MONTGOMERY
OLNEY,TX,1,YOUNG
OLYMPIA,WA,2,THURSTON
OLYMPIA FIELDS,IL,1,COOK
OMAHA,NE,16,DOUGLAS
OMAK,WA,1,OKANOGAN
ONAGA,KS,1,POTTAWATOMIE
ONAMIA,MN,1,MILLE LACS
ONAWA,IA,1,MONONA
ONEIDA,NY,1,MADISON
ONEIDA,TN,1,SCOTT
ONEONTA,AL,1,BLOUNT
ONEONTA,NY,1,OTSEGO
ONTARIO,CA,2,SAN BERNARDINO
ONTARIO,OR,1,MALHEUR
ONTONAGON,MI,1,ONTONAGON
OPELIKA,AL,1,LEE
OPELOUSAS,LA,4,ST. LANDRY
OPP,AL,1,COVINGTON
ORANGE,CA,5,ORANGE
ORANGE,TX,1,ORANGE
ORANGE CITY,FL,1,VOLUSIA
ORANGE CITY,IA,2,SIOUX
ORANGE PARK,FL,1,CLAY
ORANGEBURG,SC,2,ORANGEBURG
ORCHARD PARK,NY,1,ERIE
ORD,NE,1,VALLEY
OREFIELD,PA,1,LEHIGH
OREGON,OH,2,LUCAS
OREGON CITY,OR,1,CLACKAMAS
OREM,UT,4,UTAH
ORLANDO,FL,14,ORANGE
ORMOND BEACH,FL,1,VOLUSIA
ORO VALLEY,AZ,1,PIMA
OROCOVIS PUEBLO,PR,1,OROCOVIS
OROFINO,ID,2,CLEARWATER
OROVILLE,CA,1,BUTTE
ORRVILLE,OH,1,WAYNE
ORTONVILLE,MN,1,BIG STONE
OSAGE,IA,1,MITCHELL
OSAGE BEACH,MO,2,CAMDEN
OSAWATOMIE,KS,1,MIAMI
OSBORNE,KS,1,OSBORNE
OSCEOLA,AR,1,MISSISSIPPI
OSCEOLA,IA,1,CLARKE
OSCEOLA,MO,1,ST. CLAIR
OSCEOLA,NE,1,POLK
OSCEOLA,WI,1,POLK
OSHKOSH,NE,1,GARDEN
OSHKOSH,WI,2,WINNEBAGO
OSKALOOSA,IA,1,MAHASKA
OSMOND,NE,1,PIERCE
OSSEO,WI,1,TREMPEALEAU
OSWEGO,KS,1,LABETTE
OSWEGO,NY,2,OSWEGO
OTHELLO,WA,1,ADAMS
OTTAWA,IL,1,LA SALLE
OTTAWA,KS,1,FRANKLIN
OTTUMWA,IA,1,WAPELLO
OVERLAND PARK,KS,8,JOHNSON
OVIEDO,FL,1,SEMINOLE
OWASSO,OK,2,TULSA
OWATONNA,MN,1,STEELE
OWENSBORO,KY,2,DAVIESS
OWENTON,KY,1,OWEN
OWOSSO,MI,1,SHIAWASSEE
OWYHEE,NV,1,ELKO
OXFORD,FL,1,SUMTER
OXFORD,MS,1,LAFAYETTE
OXFORD,NC,1,GRANVILLE
OXFORD,OH,1,BUTLER
OXNARD,CA,2,VENTURA
OZARK,AL,1,DALE
OZARK,AR,1,FRANKLIN
OZARK,MO,1,GREENE
PADUCAH,KY,2,MCCRACKEN
PAGE,AZ,1,COCONINO
PAGO PAGO,AS,1,NOT AVAILABLE
PAGOSA SPRINGS,CO,1,ARCHULETA
PAHALA,HI,1,HAWAII
PAHRUMP,NV,1,NYE
PAINESVILLE,OH,1,LAKE
PAINTSVILLE,KY,1,JOHNSON
PALACIOS,TX,1,MATAGORDA
PALATKA,FL,1,PUTNAM
PALESTINE,TX,2,ANDERSON
PALM BAY,FL,1,BREVARD
PALM BEACH GARDENS,FL,1,PALM BEACH
PALM COAST,FL,1,FLAGLER
PALM SPRINGS,CA,1,RIVERSIDE
PALMDALE,CA,1,LOS ANGELES
PALMER,AK,1,MATANUSKA-SUSITNA
PALMER,MA,1,HAMPDEN
PALMERTON,PA,1,CARBON
PALO ALTO,CA,3,SANTA CLARA
PALOS HEIGHTS,IL,1,COOK
PAMPA,TX,1,GRAY
PANA,IL,1,CHRISTIAN
PANAMA CITY,FL,5,BAY
PANGUITCH,UT,1,GARFIELD
PANORAMA CITY,CA,2,LOS ANGELES
PAOLA,KS,1,MIAMI
PAOLI,IN,1,ORANGE
PAOLI,PA,1,CHESTER
PAPILLION,NE,1,SARPY
PARADISE,CA,1,BUTTE
PARAGOULD,AR,1,GREENE
PARAMOUNT,CA,1,LOS ANGELES
PARAMUS,NJ,1,BERGEN
PARCHMAN,MS,1,SUNFLOWER
PARIS,AR,1,LOGAN
PARIS,IL,1,EDGAR
PARIS,KY,1,BOURBON
PARIS,TN,1,HENRY
PARIS,TX,3,LAMAR
PARK CITY,UT,1,SUMMIT
PARK FALLS,WI,1,PRICE
PARK RAPIDS,MN,1,HUBBARD
PARK RIDGE,IL,1,COOK
PARK RIVER,ND,1,WALSH
PARKER,AZ,2,LA PAZ
PARKER,CO,2,DOUGLAS
PARKERSBURG,WV,2,WOOD
PARKSTON,SD,1,HUTCHINSON
PARMA,OH,1,CUYAHOGA
PARSONS,KS,2,LABETTE
PARSONS,TN,1,DECATUR
PASADENA,CA,2,LOS ANGELES
PASADENA,TX,5,HARRIS
PASCAGOULA,MS,1,JACKSON
PASCO,WA,1,FRANKLIN
PASSAIC,NJ,2,PASSAIC
PATCHOGUE,NY,1,SUFFOLK
PATERSON,NJ,2,PASSAIC
PATTON,CA,1,SAN BERNARDINO
PAULDING,OH,1,PAULDING
PAULS VALLEY,OK,1,GARVIN
PAW PAW,MI,1,VAN BUREN
PAWHUSKA,OK,1,OSAGE
PAWNEE CITY,NE,1,PAWNEE
PAWTUCKET,RI,1,PROVIDENCE
PAYNESVILLE,MN,1,STEARNS
PAYSON,AZ,1,GILA
PAYSON,UT,1,UTAH
PEABODY,MA,2,ESSEX
PEAPACK,NJ,1,SOMERSET
PEARISBURG,VA,2,GILES
PEARLAND,TX,2,BRAZORIA
PEARSALL,TX,1,FRIO
PECKVILLE,PA,1,LACKAWANNA
PECOS,TX,1,REEVES
PEKIN,IL,1,TAZEWELL
PELL CITY,AL,1,ST. CLAIR
PELLA,IA,1,MARION
PEMBERTON,NJ,1,BURLINGTON
PEMBROKE,MA,1,PLYMOUTH
PEMBROKE PINES,FL,3,BROWARD
PENDER,NE,1,THURSTON
PENDLETON,OR,3,UMATILLA
PENN YAN,NY,1,YATES
PENNINGTON,NJ,1,MERCER
PENNINGTON GAP,VA,1,LEE
PENSACOLA,FL,8,ESCAMBIA
PEORIA,AZ,1,MARICOPA
PEORIA,IL,4,PEORIA
PERHAM,MN,1,OTTER TAIL
PERIDOT,AZ,1,GILA
PERRIS,CA,1,RIVERSIDE
PERRY,FL,2,TAYLOR
PERRY,GA,1,HOUSTON
PERRY,IA,1,DALLAS
PERRY,OK,1,NOBLE
PERRY POINT,MD,1,CECIL
PERRYTON,TX,1,OCHILTREE
PERRYVILLE,MO,1,PERRY
PERTH AMBOY,NJ,2,MIDDLESEX
PERU,IL,1,LA SALLE
PERU,IN,1,MIAMI
PETALUMA,CA,1,SONOMA
PETERBOROUGH,NH,1,HILLSBOROUGH
PETERSBURG,AK,1,WRANGELL-PETERSBURG
PETERSBURG,VA,4,['PETERSBURG' 'DINWIDDIE']
PETERSBURG,WV,1,GRANT
PETOSKEY,MI,1,EMMET
PEWAUKEE,WI,1,WAUKESHA
PHENIX CITY,AL,2,RUSSELL
PHILADELPHIA,MS,1,NESHOBA
PHILADELPHIA,PA,35,['PHILADELPHIA' 'PHILADELPHI']
PHILIP,SD,1,HAAKON
PHILIPPI,WV,1,BARBOUR
PHILIPSBURG,MT,1,GRANITE
PHILLIPSBURG,KS,1,PHILLIPS
PHILLIPSBURG,NJ,1,WARREN
PHOENIX,AZ,28,MARICOPA
PHOENIXVILLE,PA,1,CHESTER
PICAYUNE,MS,2,PEARL RIVER
PICKENS,SC,1,PICKENS
PIERRE,SD,1,HUGHES
PIGEON,MI,1,HURON
PIGGOTT,AR,1,CLAY
PIKEVILLE,KY,1,PIKE
PIKEVILLE,TN,1,BLEDSOE
PILOT KNOB,MO,1,IRON
PINCKNEYVILLE,IL,1,PERRY
PINE BLUFF,AR,2,JEFFERSON
PINE CITY,MN,1,PINE
PINE RIDGE,SD,1,SHANNON
PINEHURST,NC,1,MOORE
PINEVILLE,KY,1,BELL
PINEVILLE,LA,3,RAPIDES
PIPESTONE,MN,1,PIPESTONE
PISCATAWAY,NJ,1,MIDDLESEX
PITTSBURG,KS,1,CRAWFORD
PITTSBURG,TX,1,CAMP
PITTSBURGH,PA,21,ALLEGHENY
PITTSFIELD,IL,1,PIKE
PITTSFIELD,MA,2,BERKSHIRE
PITTSFIELD,ME,1,SOMERSET
PLACENTIA,CA,1,ORANGE
PLACERVILLE,CA,2,EL DORADO
PLAINFIELD,IL,1,WILL
PLAINS,MT,1,SANDERS
PLAINSBORO,NJ,1,MIDDLESEX
PLAINVIEW,NE,1,PIERCE
PLAINVIEW,NY,1,NASSAU
PLAINVIEW,TX,2,HALE
PLAINVILLE,KS,1,ROOKS
PLAINWELL,MI,1,ALLEGAN
PLANO,TX,15,['COLLIN' 'DENTON']
PLANT CITY,FL,1,HILLSBOROUGH
PLANTATION,FL,2,BROWARD
PLAQUEMINE,LA,1,IBERVILLE
PLATTE,SD,1,CHARLES MIX
PLATTEVILLE,WI,2,GRANT
PLATTSBURGH,NY,1,CLINTON
PLEASANT GAP,PA,1,CENTRE
PLEASANT PRAIRIE,WI,1,KENOSHA
PLEASANTON,CA,1,ALAMEDA
PLENTYWOOD,MT,1,SHERIDAN
PLYMOUTH,IN,2,MARSHALL
PLYMOUTH,MA,1,PLYMOUTH
PLYMOUTH,NC,1,WASHINGTON
PLYMOUTH,NH,1,GRAFTON
POCAHONTAS,AR,1,RANDOLPH
POCAHONTAS,IA,1,POCAHONTAS
POCATELLO,ID,2,BANNOCK
POINT PLEASANT,WV,1,MASON
POLACCA,AZ,1,NAVAJO
POLSON,MT,1,LAKE
POMEROY,WA,1,GARFIELD
POMONA,CA,4,LOS ANGELES
POMONA,NJ,2,ATLANTIC
POMONA,NY,1,ROCKLAND
POMPANO BEACH,FL,1,BROWARD
POMPTON PLAINS,NJ,1,MORRIS
PONCA CITY,OK,1,KAY
PONCE,PR,5,PONCE
PONTIAC,IL,1,LIVINGSTON
PONTIAC,MI,5,OAKLAND
PONTOTOC,MS,1,PONTOTOC
POPLAR,MT,1,ROOSEVELT
POPLAR BLUFF,MO,5,BUTLER
POPLARVILLE,MS,1,PEARL RIVER
PORT ANGELES,WA,1,CLALLAM
PORT ARTHUR,TX,3,JEFFERSON
PORT CHARLOTTE,FL,2,CHARLOTTE
PORT CLINTON,OH,1,OTTAWA
PORT GIBSON,MS,1,CLAIBORNE
PORT HURON,MI,2,ST. CLAIR
PORT JEFFERSON,NY,2,SUFFOLK
PORT JERVIS,NY,1,ORANGE
PORT LAVACA,TX,1,CALHOUN
PORT ORANGE,FL,1,VOLUSIA
PORT SAINT JOE,FL,1,GULF
PORT SAINT LUCIE,FL,3,ST. LUCIE
PORT TOWNSEND,WA,1,JEFFERSON
PORTAGE,IN,1,PORTER
PORTAGE,WI,1,COLUMBIA
PORTALES,NM,1,ROOSEVELT
PORTERVILLE,CA,2,TULARE
PORTLAND,IN,1,JAY
PORTLAND,ME,3,CUMBERLAND
PORTLAND,OR,13,['MULTNOMAH' 'WASHINGTON']
PORTLAND,TN,1,SUMNER
PORTOLA,CA,1,PLUMAS
PORTSMOUTH,NH,2,ROCKINGHAM
PORTSMOUTH,OH,2,SCIOTO
PORTSMOUTH,VA,2,PORTSMOUTH
POST FALLS,ID,3,KOOTENAI
POTEAU,OK,1,LE FLORE
POTOSI,MO,1,WASHINGTON
POTSDAM,NY,1,ST. LAWRENCE
POTTSTOWN,PA,1,MONTGOMERY
POTTSVILLE,PA,2,SCHUYLKILL
POUGHKEEPSIE,NY,2,DUTCHESS
POWAY,CA,1,SAN DIEGO
POWELL,TN,2,KNOX
POWELL,WY,1,PARK
PRAGUE,OK,1,LINCOLN
PRAIRIE DU CHIEN,WI,2,CRAWFORD
PRAIRIE DU SAC,WI,2,SAUK
PRATT,KS,1,PRATT
PRATTVILLE,AL,1,AUTAUGA
PRENTISS,MS,1,JEFFERSON DAVIS
PRESCOTT VALLEY,AZ,4,YAVAPAI
PRESQUE ISLE,ME,1,AROOSTOOK
PRESTON,ID,1,FRANKLIN
PRESTONSBURG,KY,1,FLOYD
PRICE,UT,1,CARBON
PRIMGHAR,IA,1,O'BRIEN
PRINCE FREDERICK,MD,1,CALVERT
PRINCETON,IL,1,BUREAU
PRINCETON,IN,1,GIBSON
PRINCETON,KY,1,CALDWELL
PRINCETON,MN,1,SHERBURNE
PRINCETON,NJ,3,MERCER
PRINCETON,WV,2,MERCER
PRINEVILLE,OR,2,CROOK
PROCTORVILLE,OH,1,LAWRENCE
PROSSER,WA,1,BENTON
PROVIDENCE,RI,8,PROVIDENCE
PROVO,UT,3,UTAH
PRYOR,OK,1,MAYES
PUEBLO,CO,4,PUEBLO
PUERTO NUEVO,PR,1,SAN JUAN
PULASKI,TN,1,GILES
PULASKI,VA,1,PULASKI
PULLMAN,WA,1,WHITMAN
PUNTA GORDA,FL,2,CHARLOTTE
PUNXSUTAWNEY,PA,1,JEFFERSON
PURCELL,OK,1,MCCLAIN
PURVIS,MS,1,LAMAR
PUTNAM,CT,1,WINDHAM
PUYALLUP,WA,1,PIERCE
QUAKERTOWN,PA,1,BUCKS
QUANAH,TX,1,HARDEMAN
QUANTICO,VA,1,PRINCE WILLIAM
QUEENS VILLAGE,NY,1,QUEENS
QUINCY,CA,1,PLUMAS
QUINCY,FL,1,GADSDEN
QUINCY,IL,2,ADAMS
QUINCY,MA,1,NORFOLK
QUINCY,WA,1,GRANT
QUINTER,KS,1,GOVE
QUITMAN,GA,1,BROOKS
QUITMAN,MS,1,CLARKE
QUITMAN,TX,1,WOOD
RACELAND,LA,1,LAFOURCHE
RACINE,WI,2,RACINE
RADCLIFF,KY,1,HARDIN
RAEFORD,NC,2,HOKE
RAHWAY,NJ,2,UNION
RAIFORD,FL,1,UNION
RALEIGH,MS,1,SMITH
RALEIGH,NC,6,WAKE
RANCHO CUCAMONGA,CA,1,SAN BERNARDINO
RANCHO MIRAGE,CA,2,RIVERSIDE
RANDALLSTOWN,MD,1,BALTIMORE
RANDOLPH,VT,1,ORANGE
RANGELY,CO,1,RIO BLANCO
RANKIN,TX,2,UPTON
RANSOM,KS,2,NESS
RANSON,WV,1,JEFFERSON
RAPID CITY,SD,6,PENNINGTON
RATON,NM,1,COLFAX
RAVENNA,OH,1,PORTAGE
RAWLINS,WY,1,CARBON
RAYNE,LA,1,ACADIA
RAYVILLE,LA,1,RICHLAND
READING,PA,4,BERKS
RED BANK,NJ,1,MONMOUTH
RED BAY,AL,1,FRANKLIN
RED BLUFF,CA,1,TEHAMA
RED BUD,IL,1,RANDOLPH
RED CLOUD,NE,1,WEBSTER
RED LAKE,MN,1,BELTRAMI
RED LODGE,MT,1,CARBON
RED OAK,IA,1,MONTGOMERY
RED WING,MN,1,GOODHUE
REDDING,CA,6,SHASTA
REDFIELD,SD,1,SPINK
REDLANDS,CA,3,SAN BERNARDINO
REDMOND,OR,1,DESCHUTES
REDMOND,WA,2,KING
REDWOOD CITY,CA,2,SAN MATEO
REDWOOD FALLS,MN,1,REDWOOD
REED CITY,MI,1,OSCEOLA
REEDLEY,CA,1,FRESNO
REEDSBURG,WI,1,SAUK
REEDSPORT,OR,1,DOUGLAS
REFUGIO,TX,1,REFUGIO
REIDSVILLE,GA,1,TATTNALL
REIDSVILLE,NC,1,ROCKINGHAM
RENO,NV,9,WASHOE
RENOVO,PA,1,CLINTON
RENSSELAER,IN,1,JASPER
RENTON,WA,1,KING
REPUBLIC,WA,1,FERRY
RESEDA,CA,1,LOS ANGELES
RESTON,VA,1,FAIRFAX
REXBURG,ID,1,MADISON
REYNOLDS,GA,1,TAYLOR
RHINEBECK,NY,1,DUTCHESS
RHINELANDER,WI,1,ONEIDA
RICE LAKE,WI,1,BARRON
RICHARDSON,TX,5,['DALLAS' 'COLLIN']
RICHFIELD,UT,1,SEVIER
RICHLAND,GA,1,STEWART
RICHLAND,WA,2,BENTON
RICHLAND CENTER,WI,1,RICHLAND
RICHLANDS,VA,1,TAZEWELL
RICHMOND,CA,1,CONTRA COSTA
RICHMOND,IN,3,WAYNE
RICHMOND,KY,1,MADISON
RICHMOND,MO,1,RAY
RICHMOND,TX,2,FORT BEND
RICHMOND,VA,12,['RICHMOND CITY' 'HENRICO' 'CHESTERFIELD']
RICHMOND HEIGHTS,MO,2,ST. LOUIS
RICHMOND HEIGHTS,OH,1,CUYAHOGA
RICHTON,MS,1,PERRY
RIDGECREST,CA,2,KERN
RIDGEVILLE,SC,1,DORCHESTER
RIDGEWOOD,NJ,1,BERGEN
RIDLEY PARK,PA,1,DELAWARE
RIFLE,CO,1,GARFIELD
RINCON,GA,1,EFFINGHAM
RIO GRANDE CITY,TX,1,STARR
RIO RANCHO,NM,2,SANDOVAL
RIPLEY,MS,1,TIPPAH
RIPLEY,TN,1,LAUDERDALE
RIPLEY,WV,1,JACKSON
RIPON,WI,2,FOND DU LAC
RITZVILLE,WA,1,ADAMS
RIVER FALLS,WI,1,ST. CROIX
RIVERDALE,GA,3,CLAYTON
RIVERHEAD,NY,1,SUFFOLK
RIVERSIDE,CA,5,RIVERSIDE
RIVERTON,UT,1,SALT LAKE
RIVERTON,WY,1,FREMONT
RIVERVIEW,FL,1,HILLSBOROUGH
RIVIERA BEACH,FL,1,PALM BEACH
ROANOKE,VA,2,ROANOKE CITY
ROANOKE RAPIDS,NC,1,HALIFAX
ROARING SPRING,PA,1,BLAIR
ROBBINSDALE,MN,1,HENNEPIN
ROBINSON,IL,1,CRAWFORD
ROCHELLE,IL,1,OGLE
ROCHELLE PARK,NJ,1,BERGEN
ROCHESTER,IN,1,FULTON
ROCHESTER,MI,1,OAKLAND
ROCHESTER,MN,3,OLMSTED
ROCHESTER,NH,1,STRAFFORD
ROCHESTER,NY,7,MONROE
ROCK CREEK,OH,1,ASHTABULA
ROCK HILL,SC,2,YORK
ROCK ISLAND,IL,1,ROCK ISLAND
ROCK RAPIDS,IA,1,LYON
ROCK SPRINGS,WY,2,SWEETWATER
ROCK VALLEY,IA,1,SIOUX
ROCKDALE,TX,1,MILAM
ROCKFORD,IL,4,WINNEBAGO
ROCKINGHAM,NC,1,RICHMOND
ROCKLEDGE,FL,1,BREVARD
ROCKPORT,ME,1,KNOX
ROCKVILLE,MD,3,MONTGOMERY
ROCKVILLE CENTRE,NY,1,NASSAU
ROCKWALL,TX,2,ROCKWALL
ROCKY HILL,CT,1,HARTFORD
ROCKY MOUNT,NC,2,NASH
ROCKY MOUNT,VA,1,FRANKLIN
ROGERS,AR,2,BENTON
ROGERS CITY,MI,1,PRESQUE ISLE
ROGERSVILLE,TN,1,HAWKINS
ROLLA,MO,1,PHELPS
ROLLA,ND,1,ROLETTE
ROLLING FORK,MS,1,SHARKEY
ROME,GA,5,FLOYD
ROME,NY,1,ONEIDA
ROMNEY,WV,1,HAMPSHIRE
RONAN,MT,1,LAKE
RONCEVERTE,WV,1,GREENBRIER
ROOSEVELT,UT,2,DUCHESNE
ROSEAU,MN,1,ROSEAU
ROSEBUD,SD,1,TODD
ROSEBURG,OR,2,DOUGLAS
ROSEMEAD,CA,2,LOS ANGELES
ROSEVILLE,CA,3,PLACER
ROSICLARE,IL,1,HARDIN
ROSLYN,NY,1,NASSAU
ROSWELL,GA,1,FULTON
ROSWELL,NM,3,CHAVES
ROTAN,TX,1,FISHER
ROUND ROCK,TX,5,WILLIAMSON
ROUNDUP,MT,1,MUSSELSHELL
ROWLETT,TX,1,ROCKWALL
ROXBORO,NC,1,PERSON
ROYAL OAK,MI,1,OAKLAND
ROYERSFORD,PA,1,MONTGOMERY
ROYSTON,GA,2,FRANKLIN
RUGBY,ND,1,PIERCE
RUIDOSO,NM,1,LINCOLN
RULEVILLE,MS,1,SUNFLOWER
RUMFORD,ME,1,OXFORD
RUPERT,ID,1,MINIDOKA
RUSHVILLE,IL,1,SCHUYLER
RUSHVILLE,IN,1,RUSH
RUSK,TX,1,CHEROKEE
RUSSELL,KS,1,RUSSELL
RUSSELL SPRINGS,KY,1,RUSSELL
RUSSELLVILLE,AL,1,FRANKLIN
RUSSELLVILLE,AR,1,POPE
RUSSELLVILLE,KY,1,LOGAN
RUSTON,LA,5,LINCOLN
RUTHERFORDTON,NC,1,RUTHERFORD
RUTLAND,VT,1,RUTLAND
SABETHA,KS,1,NEMAHA
SAC CITY,IA,1,SAC
SACATON,AZ,1,PINAL
SACRAMENTO,CA,14,SACRAMENTO
SADDLE BROOK,NJ,1,BERGEN
SAFETY HARBOR,FL,1,PINELLAS
SAFFORD,AZ,1,GRAHAM
SAGINAW,MI,8,SAGINAW
SAINT AUGUSTINE,FL,1,ST. JOHNS
SAINT CLOUD,FL,2,OSCEOLA
SAINT CROIX FALLS,WI,1,POLK
SAINT FRANCISVILLE,LA,1,WEST FELICIANA
SAINT GEORGE,UT,2,WASHINGTON
SAINT IGNACE,MI,1,MACKINAC
SAINT JOHNS,MI,1,CLINTON
SAINT LOUIS,MO,1,ST. LOUIS CITY
SAINT MARYS,OH,1,AUGLAIZE
SAINT PETERSBURG,FL,8,PINELLAS
SALEM,AR,1,FULTON
SALEM,IL,1,MARION
SALEM,IN,1,WASHINGTON
SALEM,KY,1,LIVINGSTON
SALEM,MA,1,ESSEX
SALEM,NH,1,ROCKINGHAM
SALEM,NJ,1,SALEM
SALEM,OH,1,COLUMBIANA
SALEM,OR,1,MARION
SALEM,VA,2,SALEM
SALIDA,CO,1,CHAFFEE
SALINA,KS,2,SALINE
SALINAS,CA,2,MONTEREY
SALINE,MI,1,WASHTENAW
SALISBURY,MD,3,WICOMICO
SALISBURY,NC,2,ROWAN
SALLISAW,OK,1,SEQUOYAH
SALMON,ID,1,LEMHI
SALT LAKE CITY,UT,12,SALT LAKE
SAN ANDREAS,CA,1,CALAVERAS
SAN ANGELO,TX,4,TOM GREEN
SAN ANTONIO,TX,45,BEXAR
SAN AUGUSTINE,TX,1,SAN AUGUSTINE
SAN BERNARDINO,CA,3,SAN BERNARDINO
SAN CARLOS,AZ,1,GILA
SAN CLEMENTE,CA,1,ORANGE
SAN DIEGO,CA,18,SAN DIEGO
SAN DIMAS,CA,1,LOS ANGELES
SAN FRANCISCO,CA,18,SAN FRANCISCO
SAN GABRIEL,CA,1,LOS ANGELES
SAN GERMAN,PR,2,SAN GERMAN
SAN JOSE,CA,7,SANTA CLARA
SAN JUAN,PR,8,SAN JUAN
SAN LEANDRO,CA,4,ALAMEDA
SAN LUIS OBISPO,CA,3,SAN LUIS OBISPO
SAN MARCOS,TX,2,HAYS
SAN MATEO,CA,2,SAN MATEO
SAN PABLO,CA,1,CONTRA COSTA
SAN PEDRO,CA,2,LOS ANGELES
SAN RAFAEL,CA,1,MARIN
SAN RAMON,CA,2,CONTRA COSTA
SAN TAN VALLEY,AZ,1,PINAL
SANDERSVILLE,GA,1,WASHINGTON
SANDPOINT,ID,1,BONNER
SANDSTONE,MN,2,PINE
SANDUSKY,MI,1,SANILAC
SANDUSKY,OH,2,ERIE
SANDWICH,IL,1,DEKALB
SANDWICH,MA,1,BARNSTABLE
SANDY,UT,2,SALT LAKE
SANDY SPRINGS,GA,1,FULTON
SANFORD,FL,1,SEMINOLE
SANFORD,ME,1,YORK
SANFORD,NC,1,LEE
SANTA ANA,CA,3,ORANGE
SANTA BARBARA,CA,4,SANTA BARBARA
SANTA CLARA,CA,2,SANTA CLARA
SANTA CRUZ,CA,4,SANTA CRUZ
SANTA FE,NM,3,SANTA FE
SANTA MARIA,CA,1,SANTA BARBARA
SANTA MONICA,CA,2,LOS ANGELES
SANTA PAULA,CA,1,VENTURA
SANTA ROSA,CA,6,SONOMA
SANTA ROSA,NM,1,GUADALUPE
SANTA TERESA,NM,1,DONA ANA
SANTEE,CA,1,SAN DIEGO
SANTURCE,PR,2,SAN JUAN
SAPULPA,OK,1,CREEK
SARANAC LAKE,NY,1,FRANKLIN
SARASOTA,FL,5,SARASOTA
SARATOGA,NY,1,SARATOGA
SARATOGA SPRINGS,NY,1,SARATOGA
SATANTA,KS,1,HASKELL
SAUK CENTRE,MN,1,STEARNS
SAULT SAINTE MARIE,MI,1,CHIPPEWA
SAVANNAH,GA,9,CHATHAM
SAVANNAH,TN,1,HARDIN
SAYRE,OK,1,BECKHAM
SAYRE,PA,1,BRADFORD
SCHENECTADY,NY,3,SCHENECTADY
SCHERTZ,TX,1,COMAL
SCHUYLER,NE,1,COLFAX
SCOBEY,MT,1,DANIELS
SCOTLAND,SD,1,BON HOMME
SCOTLAND NECK,NC,1,HALIFAX
SCOTT CITY,KS,2,SCOTT
SCOTTSBLUFF,NE,1,SCOTTS BLUFF
SCOTTSBORO,AL,1,JACKSON
SCOTTSBURG,IN,1,SCOTT
SCOTTSDALE,AZ,10,MARICOPA
SCOTTSVILLE,KY,1,ALLEN
SCRANTON,PA,4,LACKAWANNA
SE BANDON,OR,1,COOS
SEABROOK,NJ,1,CUMBERLAND
SEAFORD,DE,1,SUSSEX
SEAMAN,OH,1,ADAMS
SEARCY,AR,3,WHITE
SEASIDE,OR,1,CLATSOP
SEATTLE,WA,15,KING
SEBASTIAN,FL,1,INDIAN RIVER
SEBASTOPOL,CA,1,SONOMA
SEBRING,FL,2,HIGHLANDS
SECAUCUS,NJ,2,HUDSON
SEDALIA,MO,1,PETTIS
SEDAN,KS,1,CHAUTAUQUA
SEDRO-WOOLLEY,WA,1,SKAGIT
SEGUIN,TX,1,GUADALUPE
SEILING,OK,1,DEWEY
SELLERSVILLE,PA,1,BUCKS
SELLS,AZ,1,PIMA
SELMA,AL,1,DALLAS
SELMA,CA,1,FRESNO
SELMER,TN,1,MCNAIRY
SEMINOLE,OK,1,SEMINOLE
SEMINOLE,TX,1,GAINES
SENATOBIA,MS,1,TATE
SENECA,KS,1,NEMAHA
SENECA,PA,1,VENANGO
SENECA,SC,1,OCONEE
SEVIERVILLE,TN,1,SEVIER
SEWANEE,TN,1,FRANKLIN
SEWARD,AK,1,KENAI PENINSULA
SEWARD,NE,1,SEWARD
SEWICKLEY,PA,2,ALLEGHENY
SEYMOUR,IN,1,JACKSON
SEYMOUR,TX,1,BAYLOR
SHAKOPEE,MN,1,SCOTT
SHAMROCK,TX,1,WHEELER
SHARON,CT,1,LITCHFIELD
SHARON,PA,1,MERCER
SHATTUCK,OK,1,ELLIS
SHAWANO,WI,2,SHAWANO
SHAWNEE,OK,2,POTTAWATOMIE
SHAWNEE MISSION,KS,2,JOHNSON
SHEBOYGAN,WI,2,SHEBOYGAN
SHEFFIELD,AL,1,COLBERT
SHELBY,MI,1,OCEANA
SHELBY,MT,1,TOOLE
SHELBY,NC,2,CLEVELAND
SHELBY,OH,1,RICHLAND
SHELBYVILLE,IL,1,SHELBY
SHELBYVILLE,IN,1,SHELBY
SHELBYVILLE,KY,1,SHELBY
SHELBYVILLE,TN,2,BEDFORD
SHELDON,IA,1,O'BRIEN
SHELL LAKE,WI,1,WASHBURN
SHELTON,WA,1,MASON
SHENANDOAH,IA,1,PAGE
SHENANDOAH,TX,2,MONTGOMERY
SHERIDAN,MI,1,MONTCALM
SHERIDAN,MT,1,MADISON
SHERIDAN,WY,2,SHERIDAN
SHERMAN,TX,6,GRAYSON
SHERMAN OAKS,CA,1,LOS ANGELES
SHERWOOD,AR,2,PULASKI
SHILOH,IL,1,ST. CLAIR
SHIPPENSBURG,PA,1,FRANKLIN
SHIPROCK,NM,1,SAN JUAN
SHOW LOW,AZ,1,NAVAJO
SHREVEPORT,LA,13,CADDO
SIBLEY,IA,1,OSCEOLA
SIDNEY,MT,1,RICHLAND
SIDNEY,NE,2,CHEYENNE
SIDNEY,NY,1,DELAWARE
SIDNEY,OH,1,SHELBY
SIERRA VISTA,AZ,3,COCHISE
SIGOURNEY,IA,1,KEOKUK
SIKESTON,MO,1,SCOTT
SILER CITY,NC,1,CHATHAM
SILOAM SPRINGS,AR,2,BENTON
SILVER CITY,NM,1,GRANT
SILVER SPRING,MD,2,"[""PRINCE GEORGE'S"" 'MONTGOMERY']"
SILVER SPRINGS,NV,1,LYON
SILVERDALE,WA,2,KITSAP
SILVERTON,OR,1,MARION
SILVIS,IL,1,ROCK ISLAND
SIMI VALLEY,CA,1,VENTURA
SIMPSONVILLE,SC,1,GREENVILLE
SIOUX CENTER,IA,2,SIOUX
SIOUX CITY,IA,3,WOODBURY
SIOUX FALLS,SD,10,['MINNEHAHA' 'LINCOLN']
SISSETON,SD,1,ROBERTS
SISTERSVILLE,WV,1,TYLER
SITKA,AK,2,SITKA
SKOKIE,IL,1,COOK
SKOWHEGAN,ME,1,SOMERSET
SLAYTON,MN,1,MURRAY
SLEEPY EYE,MN,1,BROWN
SLEEPY HOLLOW,NY,1,WESTCHESTER
SLIDELL,LA,5,ST. TAMMANY
SMITH CENTER,KS,1,SMITH
SMITHFIELD,NC,1,JOHNSTON
SMITHTOWN,NY,1,SUFFOLK
SMITHVILLE,MO,1,CLAY
SMITHVILLE,TN,1,DEKALB
SMITHVILLE,TX,1,BASTROP
SMYRNA,GA,2,COBB
SMYRNA,TN,1,RUTHERFORD
SNEEDVILLE,TN,1,HANCOCK
SNELLVILLE,GA,1,GWINNETT
SNOQUALMIE,WA,2,KING
SNYDER,TX,1,SCURRY
SOCORRO,NM,1,SOCORRO
SODA SPRINGS,ID,1,CARIBOU
SOLDOTNA,AK,1,KENAI PENINSULA
SOLVANG,CA,1,SANTA BARBARA
SOMERS POINT,NJ,1,ATLANTIC
SOMERSET,KY,1,PULASKI
SOMERSET,PA,1,SOMERSET
SOMERVILLE,MA,1,MIDDLESEX
SOMERVILLE,NJ,1,SOMERSET
SOMERVILLE,TN,1,FAYETTE
SONOMA,CA,1,SONOMA
SONORA,CA,3,TUOLUMNE
SONORA,TX,1,SUTTON
SOUTH BEND,IN,2,ST. JOSEPH
SOUTH BEND,WA,1,PACIFIC
SOUTH BOSTON,VA,1,HALIFAX
SOUTH CHARLESTON,WV,1,KANAWHA
SOUTH EL MONTE,CA,1,LOS ANGELES
SOUTH HAVEN,MI,1,VAN BUREN
SOUTH HILL,VA,1,MECKLENBURG
SOUTH JORDAN,UT,1,SALT LAKE
SOUTH LAKE TAHOE,CA,1,EL DORADO
SOUTH MIAMI,FL,1,MIAMI-DADE
SOUTH SAN FRANCISCO,CA,1,SAN MATEO
SOUTH WILLIAMSON,KY,1,PIKE
SOUTHAMPTON,NY,1,SUFFOLK
SOUTHAVEN,MS,1,DESOTO
SOUTHBRIDGE,MA,1,WORCESTER
SOUTHFIELD,MI,3,OAKLAND
SOUTHLAKE,TX,2,TARRANT
SOUTHPORT,NC,1,BRUNSWICK
SPARKS,NV,4,WASHOE
SPARTA,IL,1,RANDOLPH
SPARTA,NC,1,ALLEGHANY
SPARTA,TN,1,WHITE
SPARTA,WI,1,MONROE
SPARTANBURG,SC,5,SPARTANBURG
SPEARFISH,SD,2,LAWRENCE
SPEARMAN,TX,1,HANSFORD
SPENCER,IA,1,CLAY
SPENCER,WV,1,ROANE
SPIRIT LAKE,IA,1,DICKINSON
SPOKANE,WA,8,SPOKANE
SPOONER,WI,2,WASHBURN
SPRING,TX,2,HARRIS
SPRING HILL,FL,1,HERNANDO
SPRING VALLEY,IL,1,BUREAU
SPRINGDALE,AR,3,WASHINGTON
SPRINGERVILLE,AZ,1,APACHE
SPRINGFIELD,CO,1,BACA
SPRINGFIELD,GA,1,EFFINGHAM
SPRINGFIELD,IL,4,SANGAMON
SPRINGFIELD,MA,4,HAMPDEN
SPRINGFIELD,MN,1,BROWN
SPRINGFIELD,MO,8,GREENE
SPRINGFIELD,OH,5,CLARK
SPRINGFIELD,OR,2,LANE
SPRINGFIELD,PA,1,DELAWARE
SPRINGFIELD,TN,1,ROBERTSON
SPRINGFIELD,VT,1,WINDSOR
SPRINGHILL,LA,1,WEBSTER
SPRINGVILLE,NY,1,ERIE
SPRUCE PINE,NC,1,MITCHELL
ST CLOUD,MN,1,STEARNS
ST CROIX,VI,1,NOT AVAILABLE
ST FRANCIS,KS,1,CHEYENNE
ST JAMES,MN,1,WATONWAN
ST JOSEPH,MI,1,BERRIEN
ST LOUIS PARK,MN,1,HENNEPIN
ST MARYS,KS,1,POTTAWATOMIE
ST MARYS,PA,1,ELK
ST PAUL,MN,6,RAMSEY
ST PAUL,NE,1,HOWARD
ST PETER,MN,1,NICOLLET
ST THOMAS,VI,1,NOT AVAILABLE
ST. ALBANS,VT,1,FRANKLIN
ST. CHARLES,MO,3,ST. CHARLES
ST. HELENA,CA,1,NAPA
ST. JOHNSBURY,VT,1,CALEDONIA
ST. JOSEPH,MO,3,BUCHANAN
ST. LOUIS,MO,24,['ST. LOUIS' 'ST. LOUIS CITY']
ST. MARIES,ID,1,BENEWAH
ST. MARYS,GA,1,CAMDEN
ST. PETERS,MO,1,ST. CHARLES
ST. SIMONS,GA,1,GLYNN
STAFFORD,KS,1,STAFFORD
STAFFORD,TX,1,FORT BEND
STAFFORD,VA,1,STAFFORD
STAFFORD SPRINGS,CT,1,TOLLAND
STAMFORD,CT,1,FAIRFIELD
STAMFORD,TX,1,JONES
STANDISH,MI,1,ARENAC
STANFORD,KY,1,LINCOLN
STANLEY,ND,1,MOUNTRAIL
STANLEY,WI,1,CLARK
STANTON,TX,2,MARTIN
STAPLES,MN,1,TODD
STAR LAKE,NY,1,ST. LAWRENCE
STARKE,FL,1,BRADFORD
STARKVILLE,MS,1,OKTIBBEHA
STATE COLLEGE,PA,1,CENTRE
STATEN ISLAND,NY,6,RICHMOND
STATESBORO,GA,2,BULLOCH
STATESVILLE,NC,2,IREDELL
STAUNTON,IL,1,MACOUPIN
STAUNTON,VA,2,STAUNTON
STAYTON,OR,1,MARION
STE GENEVIEVE,MO,1,STE. GENEVIEVE
STEAMBOAT SPRINGS,CO,1,ROUTT
STEPHENVILLE,TX,1,ERATH
STERLING,CO,1,LOGAN
STERLING,IL,1,WHITESIDE
STEUBENVILLE,OH,3,JEFFERSON
STEVENS POINT,WI,1,PORTAGE
STIGLER,OK,1,HASKELL
STILLWATER,MN,1,WASHINGTON
STILLWATER,OK,1,PAYNE
STILWELL,OK,1,ADAIR
STOCKBRIDGE,GA,2,HENRY
STOCKTON,CA,4,SAN JOAQUIN
STONY BROOK,NY,1,SUFFOLK
STORM LAKE,IA,1,BUENA VISTA
STORY CITY,IA,1,STORY
STOUGHTON,MA,2,NORFOLK
STOUGHTON,WI,1,DANE
STRATFORD,NJ,1,CAMDEN
STREAMWOOD,IL,1,COOK
STREATOR,IL,1,LA SALLE
STROUD,OK,1,LINCOLN
STROUDSBURG,PA,1,MONROE
STUART,FL,4,MARTIN
STUART,VA,1,PATRICK
STURGEON BAY,WI,1,DOOR
STURGIS,MI,1,ST. JOSEPH
STURGIS,SD,1,MEADE
STUTTGART,AR,1,ARKANSAS
SUFFERN,NY,1,ROCKLAND
SUFFOLK,VA,3,SUFFOLK
SUGAR LAND,TX,9,FORT BEND
SULLIVAN,IN,1,SULLIVAN
SULLIVAN,MO,1,DENT
SULPHUR,LA,2,CALCASIEU
SULPHUR,OK,1,MURRAY
SULPHUR SPRINGS,TX,1,HOPKINS
SUMMERSVILLE,WV,1,NICHOLAS
SUMMERVILLE,GA,1,CHATTOOGA
SUMMERVILLE,SC,1,DORCHESTER
SUMMIT,NJ,2,UNION
SUMMIT,WI,1,WAUKESHA
SUMNER,IA,1,BREMER
SUMTER,SC,1,SUMTER
SUN CITY,AZ,2,MARICOPA
SUN CITY,CA,1,RIVERSIDE
SUN CITY CENTER,FL,1,HILLSBOROUGH
SUN CITY WEST,AZ,1,MARICOPA
SUN VALLEY,CA,1,LOS ANGELES
SUNBURY,PA,1,NORTHUMBERLAND
SUNDANCE,WY,1,CROOK
SUNNYSIDE,WA,1,YAKIMA
SUNNYVALE,TX,1,DALLAS
SUNRISE,FL,2,BROWARD
SUPERIOR,MT,1,MINERAL
SUPERIOR,NE,1,NUCKOLLS
SUPERIOR,WI,1,DOUGLAS
SURPRISE,AZ,1,MARICOPA
SUSANVILLE,CA,1,LASSEN
SUSQUEHANNA,PA,1,SUSQUEHANNA
SUSSEX,NJ,1,SUSSEX
SUSUA BAJA,PR,1,YAUCO
SWAINSBORO,GA,1,EMANUEL
SWEENY,TX,1,BRAZORIA
SWEET SPRINGS,MO,1,SALINE
SWEETWATER,TN,1,MONROE
SWEETWATER,TX,1,NOLAN
SYCAMORE,IL,1,DEKALB
SYKESVILLE,MD,1,CARROLL
SYLACAUGA,AL,1,TALLADEGA
SYLMAR,CA,1,LOS ANGELES
SYLVA,NC,1,JACKSON
SYLVANIA,GA,1,SCREVEN
SYLVANIA,OH,2,LUCAS
SYLVESTER,GA,1,WORTH
SYOSSET,NY,1,NASSAU
SYRACUSE,KS,1,HAMILTON
SYRACUSE,NE,1,OTOE
SYRACUSE,NY,7,ONONDAGA
SYRACUSE,UT,1,DAVIS
TACOMA,WA,8,PIERCE
TAHLEQUAH,OK,2,CHEROKEE
TAHOKA,TX,1,LYNN
TAKOMA PARK,MD,1,MONTGOMERY
TALIHINA,OK,1,LATIMER
TALLADEGA,AL,1,TALLADEGA
TALLAHASSEE,FL,5,LEON
TALLASSEE,AL,1,ELMORE
TALLULAH,LA,1,MADISON
TAMARAC,FL,2,BROWARD
TAMPA,FL,16,HILLSBOROUGH
TAMUNING,GU,1,NOT AVAILABLE
TAOS,NM,1,TAOS
TAPPAHANNOCK,VA,1,ESSEX
TARBORO,NC,1,EDGECOMBE
TARPON SPRINGS,FL,1,PINELLAS
TARZANA,CA,2,LOS ANGELES
TAUNTON,MA,2,BRISTOL
TAVARES,FL,1,LAKE
TAVERNIER,FL,1,MONROE
TAWAS CITY,MI,1,IOSCO
TAYLOR,MI,3,WAYNE
TAYLOR,TX,1,WILLIAMSON
TAYLORVILLE,IL,1,CHRISTIAN
TAZEWELL,TN,1,CLAIBORNE
TAZEWELL,VA,1,TAZEWELL
TEANECK,NJ,1,BERGEN
TECUMSEH,MI,1,LENAWEE
TECUMSEH,NE,1,JOHNSON
TEHACHAPI,CA,1,KERN
TELL CITY,IN,1,PERRY
TEMECULA,CA,1,RIVERSIDE
TEMPE,AZ,2,MARICOPA
TEMPLE,TX,5,BELL
TEMPLETON,CA,1,SAN LUIS OBISPO
TEQUESTA,FL,1,MARTIN
TERRE HAUTE,IN,4,VIGO
TERRELL,TX,2,KAUFMAN
TERRY,MT,1,PRAIRIE
TEWKSBURY,MA,1,MIDDLESEX
TEXARKANA,AR,1,MILLER
TEXARKANA,TX,6,BOWIE
TEXAS CITY,TX,1,GALVESTON
THE DALLES,OR,1,WASCO
THE VILLAGES,FL,1,SUMTER
THE WOODLANDS,TX,8,MONTGOMERY
THERMOPOLIS,WY,2,HOT SPRINGS
THIBODAUX,LA,1,LAFOURCHE
THIEF RIVER FALLS,MN,2,['PENNINTON' 'PENNINGTON']
THOMASTON,GA,1,UPSON
THOMASVILLE,GA,2,THOMAS
THOMASVILLE,NC,1,DAVIDSON
THOMSON,GA,2,MCDUFFIE
THORNTON,CO,2,ADAMS
THOUSAND OAKS,CA,2,VENTURA
THREE RIVERS,MI,1,ST. JOSEPH
THROCKMORTON,TX,1,THROCKMORTON
TICONDEROGA,NY,1,ESSEX
TIFFIN,OH,2,SENECA
TIFTON,GA,1,TIFT
TILDEN,NE,1,ANTELOPE
TILLAMOOK,OR,1,TILLAMOOK
TINTON FALLS,NJ,1,MONMOUTH
TIOGA,ND,1,WILLIAMS
TIPTON,IN,1,TIPTON
TISHOMINGO,OK,1,JOHNSTON
TITUSVILLE,FL,1,BREVARD
TITUSVILLE,PA,1,CRAWFORD
TOCCOA,GA,1,STEPHENS
TOLEDO,OH,8,LUCAS
TOMAH,WI,2,MONROE
TOMAHAWK,WI,1,LINCOLN
TOMBALL,TX,3,HARRIS
TOMPKINSVILLE,KY,1,MONROE
TOMS RIVER,NJ,4,OCEAN
TONASKET,WA,1,OKANOGAN
TONOPAH,NV,1,NYE
TOOELE,UT,1,TOOELE
TOPEKA,KS,5,SHAWNEE
TOPPENISH,WA,1,YAKIMA
TORRANCE,CA,7,LOS ANGELES
TORRANCE,PA,1,WESTMORELAND
TORRINGTON,CT,1,LITCHFIELD
TORRINGTON,WY,2,GOSHEN
TOWANDA,PA,1,BRADFORD
TOWNSEND,MT,1,BROADWATER
TOWNSHEND,VT,1,WINDHAM
TOWSON,MD,1,BALTIMORE
TRACY,CA,1,SAN JOAQUIN
TRACY,MN,1,LYON
TRANSFER,PA,1,MERCER
TRAVELERS REST,SC,2,GREENVILLE
TRAVERSE CITY,MI,1,GRAND TRAVERSE
TREMONTON,UT,1,BOX ELDER
TRENTON,MI,1,WAYNE
TRENTON,MO,1,GRUNDY
TRENTON,NJ,5,MERCER
TRENTON,TN,1,GIBSON
TRIBUNE,KS,1,GREELEY
TRINIDAD,CO,1,LAS ANIMAS
TRINITY,FL,1,PASCO
TRINITY,TX,1,TRINITY
TROPHY CLUB,TX,1,DENTON
TROY,AL,1,PIKE
TROY,MI,1,OAKLAND
TROY,MO,1,LINCOLN
TROY,NC,1,MONTGOMERY
TROY,NY,3,RENSSELAER
TROY,OH,1,MIAMI
TROY,PA,2,BRADFORD
TRUCKEE,CA,1,NEVADA
TRUTH OR CONSEQUENCES,NM,1,SIERRA
TUALATIN,OR,1,CLACKAMAS
TUBA CITY,AZ,1,COCONINO
TUCKER,GA,1,DEKALB
TUCSON,AZ,17,PIMA
TUCUMCARI,NM,1,QUAY
TUKWILA,WA,1,KING
TULARE,CA,1,TULARE
TULIA,TX,1,SWISHER
TULLAHOMA,TN,1,COFFEE
TULSA,OK,19,TULSA
TUNKHANNOCK,PA,1,WYOMING
TUPELO,MS,2,LEE
TURBEVILLE,SC,1,CLARENDON
TURLOCK,CA,2,STANISLAUS
TURNERSVILLE,NJ,1,GLOUCESTER
TURTLE LAKE,ND,1,MCLEAN
TUSCALOOSA,AL,6,TUSCALOOSA
TUSCON,AZ,1,PIMA
TUSKEGEE,AL,1,MACON
TUSTIN,CA,2,ORANGE
TWENTYNINE PALMS,CA,1,SAN BERNARDINO
TWIN FALLS,ID,2,TWIN FALLS
TWO HARBORS,MN,1,LAKE
TWO RIVERS,WI,1,MANITOWOC
TYLER,MN,1,LINCOLN
TYLER,TX,10,SMITH
TYLERTOWN,MS,1,WALTHALL
TYNDALL,SD,1,BON HOMME
TYRONE,PA,1,BLAIR
UKIAH,CA,1,MENDOCINO
ULYSSES,KS,1,GRANT
UNION,MS,1,NEWTON
UNION,NJ,1,UNION
UNION,SC,1,UNION
UNION CITY,TN,1,OBION
UNION SPRINGS,AL,1,BULLOCK
UNIONTOWN,PA,1,FAYETTE
UNIONVILLE,MO,1,PUTNAM
UPLAND,CA,1,SAN BERNARDINO
UPLAND,PA,1,DELAWARE
UPPER SANDUSKY,OH,1,WYANDOT
URBANA,IL,2,CHAMPAIGN
URBANA,OH,1,CHAMPAIGN
UTICA,NY,5,ONEIDA
UVALDE,TX,1,UVALDE
VACAVILLE,CA,2,SOLANO
VAIL,CO,1,EAGLE
VALDESE,NC,1,BURKE
VALDEZ,AK,1,VALDEZ-CORDOVA
VALDOSTA,GA,3,LOWNDES
VALENCIA,CA,1,LOS ANGELES
VALENTINE,NE,1,CHERRY
VALHALLA,NY,2,WESTCHESTER
VALLEJO,CA,4,SOLANO
VALLEY,AL,1,CHAMBERS
VALLEY CITY,ND,1,BARNES
VALLEY STREAM,NY,1,NASSAU
VALPARAISO,IN,2,PORTER
VAN BUREN,AR,1,CRAWFORD
VAN HORN,TX,1,CULBERSON
VAN NUYS,CA,2,LOS ANGELES
VAN WERT,OH,1,VAN WERT
VANCOUVER,WA,4,CLARK
VANDALIA,IL,1,FAYETTE
VARNVILLE,SC,1,HAMPTON
VEGA BAJA,PR,1,VEGA BAJA
VENICE,FL,1,SARASOTA
VENTURA,CA,3,VENTURA
VERMILLION,SD,1,CLAY
VERNAL,UT,1,UINTAH
VERNON,CT,1,TOLLAND
VERNON,TX,2,WILBARGER
VERO BEACH,FL,3,INDIAN RIVER
VERSAILLES,KY,1,WOODFORD
VIBORG,SD,1,TURNER
VICKSBURG,MS,2,WARREN
VICTORIA,TX,6,VICTORIA
VICTORVILLE,CA,2,SAN BERNARDINO
VIDALIA,GA,1,TOOMBS
VIDALIA,LA,1,CONCORDIA
VIENNA,GA,1,DOOLY
VIEQUES,PR,1,VIEQUES
VIERA,FL,1,BREVARD
VILLA RICA,GA,1,CARROLL
VILLE PLATTE,LA,1,EVANGELINE
VINCENNES,IN,1,KNOX
VINELAND,NJ,2,CUMBERLAND
VINITA,OK,1,CRAIG
VINTON,IA,1,BENTON
VIRGINIA,MN,1,ST. LOUIS
VIRGINIA BEACH,VA,4,VIRGINIA BEACH
VIROQUA,WI,1,VERNON
VISALIA,CA,4,TULARE
VIVIAN,LA,1,CADDO
VOORHEES,NJ,1,CAMDEN
W BLOOMFIELD,MI,1,OAKLAND
WA KEENEY,KS,1,TREGO
WABASH,IN,1,WABASH
WABASHA,MN,1,WABASHA
WACO,TX,5,MCLENNAN
WACONIA,MN,1,CARVER
WADENA,MN,1,WADENA
WADESBORO,NC,2,ANSON
WADSWORTH,OH,1,MEDINA
WAGNER,SD,1,CHARLES MIX
WAGONER,OK,1,WAGONER
WAHIAWA,HI,1,HONOLULU
WAHOO,NE,1,SAUNDERS
WAILUKU,HI,1,MAUI
WAKEFIELD,RI,1,WASHINGTON
WALDRON,AR,1,SCOTT
WALLA WALLA,WA,3,WALLA WALLA
WALLINGFORD,CT,2,NEW HAVEN
WALNUT CREEK,CA,2,CONTRA COSTA
WALNUT RIDGE,AR,1,LAWRENCE
WALSENBURG,CO,1,HUERFANO
WALTERBORO,SC,1,COLLETON
WALTHAM,MA,2,MIDDLESEX
WALTON,NY,1,DELAWARE
WAMEGO,KS,1,POTTAWATOMIE
WARDS ISLAND,NY,2,NEW YORK
WARE,MA,1,HAMPSHIRE
WAREHAM,MA,1,PLYMOUTH
WARM SPRINGS,GA,3,MERIWETHER
WARM SPRINGS,MT,1,DEER LODGE
WARNER ROBINS,GA,1,HOUSTON
WARREN,AR,1,BRADLEY
WARREN,MI,3,MACOMB
WARREN,MN,2,MARSHALL
WARREN,OH,5,TRUMBULL
WARREN,PA,1,WARREN
WARRENSBURG,MO,1,JOHNSON
WARRENSVILLE HEIGHTS,OH,2,CUYAHOGA
WARRENSVILLE HTS,OH,1,CUYAHOGA
WARRENTON,VA,1,FAUQUIER
WARSAW,IN,2,KOSCIUSKO
WARSAW,NY,1,WYOMING
WARWICK,NY,1,ORANGE
WARWICK,RI,1,KENT
WASECA,MN,1,WASECA
WASHINGTON,DC,15,DISTRICT OF COLUMBIA
WASHINGTON,GA,1,WILKES
WASHINGTON,IA,1,WASHINGTON
WASHINGTON,IN,1,DAVIESS
WASHINGTON,KS,1,WASHINGTON
WASHINGTON,MO,1,FRANKLIN
WASHINGTON,NC,1,BEAUFORT
WASHINGTON,PA,2,WASHINGTON
WASHINGTON CH,OH,1,FAYETTE
WATER VALLEY,MS,1,YALOBUSHA
WATERBURY,CT,2,NEW HAVEN
WATERBURY,VT,1,WASHINGTON
WATERFORD,WI,1,RACINE
WATERLOO,IA,2,BLACK HAWK
WATERTOWN,NY,1,JEFFERSON
WATERTOWN,SD,1,CODINGTON
WATERTOWN,WI,1,DODGE
WATERVILLE,ME,3,KENNEBEC
WATERVLIET,MI,1,BERRIEN
WATFORD CITY,ND,1,MCKENZIE
WATONGA,OK,1,BLAINE
WATSEKA,IL,1,IROQUOIS
WATSONVILLE,CA,1,SANTA CRUZ
WAUCHULA,FL,1,HARDEE
WAUKEGAN,IL,2,LAKE
WAUKESHA,WI,3,WAUKESHA
WAUKON,IA,1,ALLAMAKEE
WAUPACA,WI,1,WAUPACA
WAUPUN,WI,1,DODGE
WAURIKA,OK,1,JEFFERSON
WAUSAU,WI,2,MARATHON
WAUSEON,OH,1,FULTON
WAUWATOSA,WI,2,MILWAUKEE
WAVERLY,IA,1,BREMER
WAVERLY,KS,1,COFFEY
WAVERLY,OH,1,PIKE
WAVERLY,TN,1,HUMPHREYS
WAXAHACHIE,TX,2,ELLIS
WAYCROSS,GA,2,WARE
WAYMART,PA,1,WAYNE
WAYNE,MI,1,WAYNE
WAYNE,NE,1,WAYNE
WAYNE,NJ,2,PASSAIC
WAYNESBORO,GA,1,BURKE
WAYNESBORO,MS,1,WAYNE
WAYNESBORO,PA,1,FRANKLIN
WAYNESBORO,TN,1,WAYNE
WAYNESBURG,PA,1,GREENE
WEATHERFORD,OK,1,CUSTER
WEATHERFORD,TX,2,PARKER
WEAVERVILLE,CA,1,TRINITY
WEBSTER,SD,1,DAY
WEBSTER,TX,7,HARRIS
WEBSTER CITY,IA,1,HAMILTON
WEBSTER SPRINGS,WV,1,WEBSTER
WEDOWEE,AL,1,RANDOLPH
WEIMAR,TX,1,COLORADO
WEIRTON,WV,2,BROOKE
WEISER,ID,1,WASHINGTON
WELCH,WV,1,MCDOWELL
WELLINGTON,FL,1,PALM BEACH
WELLINGTON,KS,1,SUMNER
WELLINGTON,TX,1,COLLINGSWORTH
WELLSBORO,PA,1,TIOGA
WELLSVILLE,NY,1,ALLEGANY
WENATCHEE,WA,2,CHELAN
WENTZVILLE,MO,1,ST. CHARLES
WERNERSVILLE,PA,1,BERKS
WESLACO,TX,2,HIDALGO
WESLEY CHAPEL,FL,2,PASCO
WESSINGTON SPRINGS,SD,1,JERAULD
WEST ALLIS,WI,3,MILWAUKEE
WEST BEND,WI,1,WASHINGTON
WEST BRANCH,MI,1,OGEMAW
WEST BURLINGTON,IA,1,DES MOINES
WEST CHESTER,OH,3,BUTLER
WEST CHESTER,PA,2,CHESTER
WEST COLUMBIA,SC,3,LEXINGTON
WEST COVINA,CA,3,LOS ANGELES
WEST DES MOINES,IA,2,POLK
WEST GROVE,PA,1,CHESTER
WEST HARTFORD,CT,1,HARTFORD
WEST HARVESTRAW,NY,1,ROCKLAND
WEST HAVEN,CT,1,NEW HAVEN
WEST HILLS,CA,1,LOS ANGELES
WEST ISLIP,NY,1,SUFFOLK
WEST JORDAN,UT,2,SALT LAKE
WEST LAFAYETTE,IN,1,TIPPECANOE
WEST LIBERTY,KY,1,MORGAN
WEST MEMPHIS,AR,2,CRITTENDEN
WEST MONROE,LA,4,OUACHITA
WEST ORANGE,NJ,1,ESSEX
WEST PALM BEACH,FL,5,PALM BEACH
WEST PLAINS,MO,1,HOWELL
WEST POINT,MS,1,CLAY
WEST POINT,NE,1,CUMING
WEST POINT,NY,1,ORANGE
WEST ROXBURY,MA,1,SUFFOLK
WEST SENECA,NY,1,ERIE
WEST TRENTON,NJ,1,MERCER
WEST UNION,IA,1,FAYETTE
WEST VALLEY CITY,UT,1,SALT LAKE
WESTAMPTON TOWNSHIP,NJ,1,BURLINGTON
WESTBOROUGH,MA,1,WORCESTER
WESTBROOK,ME,2,CUMBERLAND
WESTBROOK,MN,1,COTTONWOOD
WESTERLY,RI,1,WASHINGTON
WESTERVILLE,OH,3,['DELAWARE' 'FRANKLIN']
WESTFIELD,MA,2,HAMPDEN
WESTFIELD,NY,1,CHAUTAUQUA
WESTLAKE,OH,1,CUYAHOGA
WESTLAKE VILAGE,CA,1,VENTURA
WESTMINSTER,CA,1,ORANGE
WESTMINSTER,CO,2,['BROOMFIELD' 'ADAMS']
WESTMINSTER,MD,1,CARROLL
WESTON,FL,1,BROWARD
WESTON,WI,1,MARATHON
WESTON,WV,2,LEWIS
WESTWOOD,MA,1,NORFOLK
WESTWOOD,NJ,2,BERGEN
WETUMPKA,AL,1,ELMORE
WEYMOUTH,MA,1,NORFOLK
WHARTON,TX,1,WHARTON
WHEAT RIDGE,CO,1,JEFFERSON
WHEATLAND,WY,1,PLATTE
WHEATON,IL,1,DUPAGE
WHEATON,MN,1,TRAVERSE
WHEELER,TX,1,WHEELER
WHEELING,WV,4,OHIO
WHITE PLAINS,NY,3,WESTCHESTER
WHITE RIVER JUNCTION,VT,1,WINDSOR
WHITE SALMON,WA,1,KLICKITAT
WHITE SULPHUR,MT,1,MEAGHER
WHITEFISH,MT,1,FLATHEAD
WHITEHALL,WI,1,TREMPEALEAU
WHITERIVER,AZ,1,NAVAJO
WHITESBURG,KY,1,LETCHER
WHITEVILLE,NC,1,COLUMBUS
WHITFIELD,MS,3,RANKIN
WHITNEY,TX,1,HILL
WHITTIER,CA,2,LOS ANGELES
WICHITA,KS,13,SEDGWICK
WICHITA FALLS,TX,6,WICHITA
WICKENBURG,AZ,2,MARICOPA
WIGGINS,MS,1,STONE
WILBURTON,OK,1,LATIMER
WILD ROSE,WI,1,WAUSHARA
WILDOMAR,CA,1,RIVERSIDE
WILDWOOD,GA,1,DADE
WILKES-BARRE,PA,5,LUZERNE
WILLARD,OH,1,HURON
WILLCOX,AZ,1,COCHISE
WILLIAMSBURG,VA,6,['JAMES CITY' 'YORK' 'WILLIAMSBURG']
WILLIAMSON,WV,1,MINGO
WILLIAMSPORT,IN,1,WARREN
WILLIAMSPORT,PA,2,LYCOMING
WILLIAMSTON,NC,1,MARTIN
WILLIAMSTOWN,KY,1,GRANT
WILLIAMSTOWN,NJ,1,GLOUCESTER
WILLIAMSVILLE,NY,1,ERIE
WILLIMANTIC,CT,1,WINDHAM
WILLINGBORO,NJ,2,BURLINGTON
WILLISTON,FL,1,LEVY
WILLISTON,ND,1,WILLIAMS
WILLITS,CA,1,MENDOCINO
WILLMAR,MN,1,KANDIYOHI
WILLOUGHBY,OH,2,LAKE
WILLOWS,CA,1,GLENN
WILMINGTON,DE,5,NEW CASTLE
WILMINGTON,NC,2,NEW HANOVER
WILMINGTON,OH,1,CLINTON
WILSON,NC,1,WILSON
WINAMAC,IN,1,PULASKI
WINCHESTER,IN,1,RANDOLPH
WINCHESTER,KS,1,JEFFERSON
WINCHESTER,KY,1,CLARK
WINCHESTER,MA,1,MIDDLESEX
WINCHESTER,TN,1,FRANKLIN
WINCHESTER,VA,2,WINCHESTER
WINDBER,PA,1,SOMERSET
WINDER,GA,1,BARROW
WINDOM,MN,1,COTTONWOOD
WINDSOR,MO,1,HENRY
WINDSOR,NC,1,BERTIE
WINDSOR,VT,1,WINDSOR
WINFIELD,AL,1,MARION
WINFIELD,IL,1,DUPAGE
WINFIELD,KS,1,COWLEY
WINNEBAGO,NE,1,THURSTON
WINNEBAGO,WI,1,WINNEBAGO
WINNEMUCCA,NV,1,HUMBOLDT
WINNER,SD,1,TRIPP
WINNFIELD,LA,3,WINN
WINNIE,TX,1,CHAMBERS
WINNSBORO,LA,1,FRANKLIN
WINNSBORO,SC,1,FAIRFIELD
WINNSBORO,TX,1,WOOD
WINONA,MN,1,WINONA
WINONA,MS,1,MONTGOMERY
WINSLOW,AZ,2,NAVAJO
WINSTON SALEM,NC,5,FORSYTH
WINTER HAVEN,FL,2,POLK
WINTER PARK,FL,1,ORANGE
WINTERS,TX,1,RUNNELS
WINTERSET,IA,1,MADISON
WINTERSVILLE,OH,1,JEFFERSON
WISCONSIN RAPIDS,WI,1,WOOD
WISHEK,ND,1,MCINTOSH
WOBURN,MA,1,MIDDLESEX
WOLF POINT,MT,1,ROOSEVELT
WOLFEBORO,NH,1,CARROLL
WOODBRIDGE,VA,1,PRINCE WILLIAM
WOODBURY,MN,1,WASHINGTON
WOODBURY,NJ,1,GLOUCESTER
WOODBURY,TN,1,CANNON
WOODLAND,CA,1,YOLO
WOODLAND HILLS,CA,2,LOS ANGELES
WOODLAND PARK,CO,1,TELLER
WOODRUFF,WI,1,ONEIDA
WOODS CROSS,UT,1,DAVIS
WOODSTOCK,IL,1,MCHENRY
WOODSTOCK,VA,1,SHENANDOAH
WOODSVILLE,NH,1,GRAFTON
WOODVILLE,TX,1,TYLER
WOODWARD,OK,1,WOODWARD
WOONSOCKET,RI,1,PROVIDENCE
WOOSTER,OH,1,WAYNE
WORCESTER,MA,6,WORCESTER
WORLAND,WY,1,WASHAKIE
WORTHINGTON,MN,1,NOBLES
WRANGELL,AK,1,WRANGELL-PETERSBURG
WRAY,CO,1,YUMA
WRIGHT PATTERSON AFB,OH,1,GREENE
WYANDOTTE,MI,2,WAYNE
WYCKOFF,NJ,1,BERGEN
WYNNE,AR,1,CROSS
WYNNEWOOD,PA,1,MONTGOMERY
WYOMING,MI,1,KENT
WYOMING,MN,1,CHISAGO
WYOMISSING,PA,1,BERKS
WYTHEVILLE,VA,1,WYTHE
XENIA,OH,1,GREENE
YADKINVILLE,NC,1,YADKIN
YAKIMA,WA,2,YAKIMA
YANKTON,SD,3,YANKTON
YAZOO CITY,MS,1,YAZOO
YERINGTON,NV,1,LYON
YOAKUM,TX,1,LAVACA
YONKERS,NY,3,WESTCHESTER
YORK,AL,1,SUMTER
YORK,ME,1,YORK
YORK,NE,1,YORK
YORK,PA,6,YORK
YOUNGSTOWN,OH,5,MAHONING
YPSILANTI,MI,2,WASHTENAW
YREKA,CA,1,SISKIYOU
YUBA CITY,CA,4,SUTTER
YUKON,OK,1,CANADIAN
YUMA,AZ,2,YUMA
YUMA,CO,1,YUMA
ZACHARY,LA,2,EAST BATON ROUGE
ZANESVILLE,OH,3,MUSKINGUM
ZEELAND,MI,1,OTTAWA
ZEPHYRHILLS,FL,1,PASCO
ZION,IL,1,LAKE
ZUNI,NM,1,MCKINLEY
